code,name
1301,(株)極洋
1332,日本水産(株)
1333,マルハニチロ(株)
1352,(株)ホウスイ
1376,カネコ種苗(株)
1377,(株)サカタのタネ
1379,ホクト(株)
1380,(株)秋川牧園
1381,(株)アクシーズ
1382,(株)ホーブ
1383,ベルグアース(株)
1384,(株)ホクリヨウ
1400,ルーデン・ホールディングス(株)
1401,(株)エムビーエス
1407,(株)ウエストホールディングス
1413,(株)ヒノキヤグループ
1414,ショーボンドホールディングス(株)
1417,(株)ミライト・ホールディングス
1418,インターライフホールディングス(株)
1419,タマホーム(株)
1420,サンヨーホームズ(株)
1429,(株)日本アクア
1430,ファーストコーポレーション(株)
1431,(株)Ｌｉｂ　Ｗｏｒｋ
1433,ベステラ(株)
1434,ＪＥＳＣＯホールディングス(株)
1435,(株)ＴＡＴＥＲＵ
1436,(株)フィット
1438,(株)岐阜造園
1439,(株)安江工務店
1443,技研ホールディングス(株)
1444,(株)ニッソウ
1446,(株)キャンディル
1447,ＩＴｂｏｏｋホールディングス(株)
1448,(株)スペースバリューホールディングス
1449,(株)ＦＵＪＩジャパン
1450,田中建設工業(株)
1451,(株)ＫＨＣ
1491,中外鉱業(株)
1514,住石ホールディングス(株)
1515,日鉄鉱業(株)
1518,三井松島ホールディングス(株)
1605,国際石油開発帝石(株)
1662,石油資源開発(株)
1663,Ｋ＆Ｏエナジーグループ(株)
1711,(株)省電舎ホールディングス
1712,(株)ダイセキ環境ソリューション
1716,第一カッター興業(株)
1717,明豊ファシリティワークス(株)
1718,美樹工業(株)
1719,安藤ハザマ
1720,東急建設(株)
1721,コムシスホールディングス(株)
1723,日本電技(株)
1724,シンクレイヤ(株)
1726,(株)ビーアールホールディングス
1728,ミサワホーム中国(株)
1730,麻生フオームクリート(株)
1734,(株)北弘電社
1736,(株)オーテック
1737,三井金属エンジニアリング(株)
1738,(株)ＮＩＴＴＯＨ
1739,シード平和(株)
1743,コーアツ工業(株)
1757,クレアホールディングス(株)
1758,太洋基礎工業(株)
1762,(株)高松コンストラクショングループ
1764,工藤建設(株)
1766,東建コーポレーション(株)
1768,(株)ソネック
1770,藤田エンジニアリング(株)
1771,日本乾溜工業(株)
1773,ＹＴＬ
1775,富士古河Ｅ＆Ｃ(株)
1776,三井住建道路(株)
1777,川崎設備工業(株)
1780,(株)ヤマウラ
1782,常磐開発(株)
1783,(株)アジアゲートホールディングス
1787,(株)ナカボーテック
1788,(株)三東工業社
1789,(株)ＥＴＳホールディングス
1793,(株)大本組
1795,(株)マサル
1798,(株)守谷商会
1799,第一建設工業(株)
1801,大成建設(株)
1802,(株)大林組
1803,清水建設(株)
1805,飛島建設(株)
1807,(株)佐藤渡辺
1808,(株)長谷工コーポレーション
1810,松井建設(株)
1811,(株)錢高組
1812,鹿島
1813,(株)不動テトラ
1814,大末建設(株)
1815,鉄建建設(株)
1820,西松建設(株)
1821,三井住友建設(株)
1822,大豊建設(株)
1824,前田建設工業(株)
1826,佐田建設(株)
1827,(株)ナカノフドー建設
1828,田辺工業(株)
1832,北海電気工事(株)
1833,(株)奥村組
1835,東鉄工業(株)
1840,(株)土屋ホールディングス
1841,サンユー建設(株)
1844,(株)大盛工業
1847,(株)イチケン
1848,(株)富士ピー・エス
1850,南海辰村建設(株)
1852,(株)淺沼組
1853,(株)森組
1860,戸田建設(株)
1861,(株)熊谷組
1866,北野建設(株)
1867,(株)植木組
1869,名工建設(株)
1870,矢作建設工業(株)
1871,(株)ピーエス三菱
1873,(株)日本ハウスホールディングス
1878,大東建託(株)
1879,新日本建設(株)
1881,(株)ＮＩＰＰＯ
1882,東亜道路工業(株)
1883,前田道路(株)
1884,日本道路(株)
1885,東亜建設工業(株)
1887,日本国土開発(株)
1888,若築建設(株)
1890,東洋建設(株)
1892,徳倉建設(株)
1893,五洋建設(株)
1897,金下建設(株)
1898,世紀東急工業(株)
1899,(株)福田組
1904,大成温調(株)
1905,(株)テノックス
1909,日本ドライケミカル(株)
1911,住友林業(株)
1914,日本基礎技術(株)
1921,(株)巴コーポレーション
1925,大和ハウス工業(株)
1926,ライト工業(株)
1928,積水ハウス(株)
1929,日特建設(株)
1930,北陸電気工事(株)
1934,(株)ユアテック
1938,日本リーテック(株)
1939,(株)四電工
1941,(株)中電工
1942,(株)関電工
1944,(株)きんでん
1945,(株)東京エネシス
1946,(株)トーエネック
1948,(株)弘電社
1949,住友電設(株)
1950,日本電設工業(株)
1951,(株)協和エクシオ
1952,新日本空調(株)
1954,日本工営(株)
1959,(株)九電工
1960,(株)サンテック
1961,三機工業(株)
1963,日揮ホールディングス(株)
1964,中外炉工業(株)
1965,(株)テクノ菱和
1966,(株)高田工業所
1967,(株)ヤマト
1968,太平電業(株)
1969,高砂熱学工業(株)
1971,中央ビルト工業(株)
1972,三晃金属工業(株)
1973,ＮＥＣネッツエスアイ(株)
1975,(株)朝日工業社
1976,明星工業(株)
1979,(株)大気社
1980,ダイダン(株)
1981,(株)協和日成
1982,日比谷総合設備(株)
1992,神田通信機(株)
1994,高橋カーテンウォール工業(株)
1997,暁飯島工業(株)
1999,サイタホールディングス(株)
2001,日本製粉(株)
2002,(株)日清製粉グループ本社
2003,日東富士製粉(株)
2004,昭和産業(株)
2009,鳥越製粉(株)
2053,中部飼料(株)
2055,日和産業(株)
2058,(株)ヒガシマル
2060,フィード・ワン(株)
2107,東洋精糖(株)
2108,日本甜菜製糖(株)
2109,三井製糖(株)
2112,塩水港精糖(株)
2114,フジ日本精糖(株)
2117,日新製糖(株)
2120,(株)ＬＩＦＵＬＬ
2121,(株)ミクシィ
2122,(株)インタースペース
2124,ＪＡＣ　Ｒｅｃｒｕｉｔｍｅｎｔ
2127,(株)日本Ｍ＆Ａセンター
2130,(株)メンバーズ
2134,燦キャピタルマネージメント(株)
2136,(株)ヒップ
2137,(株)光ハイツ・ヴェラス
2138,クルーズ(株)
2139,(株)中広
2146,ＵＴグループ(株)
2148,アイティメディア(株)
2150,(株)ケアネット
2151,(株)タケエイ
2152,幼児活動研究会(株)
2153,Ｅ・Ｊホールディングス(株)
2154,(株)ビーネックスグループ
2156,セーラー広告(株)
2157,(株)コシダカホールディングス
2158,(株)ＦＲＯＮＴＥＯ
2159,(株)フルスピード
2160,(株)ジーエヌアイグループ
2162,ｎｍｓホールディングス(株)
2163,(株)アルトナー
2164,(株)地域新聞社
2168,(株)パソナグループ
2169,ＣＤＳ(株)
2170,(株)リンクアンドモチベーション
2172,(株)インサイト
2173,(株)博展
2174,ＧＣＡ(株)
2175,(株)エス・エム・エス
2176,(株)イナリサーチ
2178,(株)トライステージ
2179,(株)成学社
2180,(株)サニーサイドアップグループ
2181,パーソルホールディングス(株)
2183,(株)リニカル
2185,(株)シイエム・シイ
2186,ソーバル(株)
2191,テラ(株)
2193,クックパッド(株)
2195,アミタホールディングス(株)
2196,(株)エスクリ
2198,アイ・ケイ・ケイ(株)
2201,森永製菓(株)
2204,(株)中村屋
2206,江崎グリコ(株)
2207,名糖産業(株)
2208,(株)ブルボン
2209,井村屋グループ(株)
2211,(株)不二家
2212,山崎製パン(株)
2215,第一屋製パン(株)
2216,カンロ(株)
2217,モロゾフ(株)
2218,日糧製パン(株)
2220,亀田製菓(株)
2221,岩塚製菓(株)
2222,寿スピリッツ(株)
2224,(株)コモ
2226,(株)湖池屋
2229,カルビー(株)
2264,森永乳業(株)
2266,六甲バター(株)
2267,(株)ヤクルト本社
2268,Ｂ−Ｒ　サーティワン　アイスクリーム(株)
2269,明治ホールディングス(株)
2270,雪印メグミルク(株)
2281,プリマハム(株)
2282,日本ハム(株)
2286,林兼産業(株)
2288,丸大食品(株)
2291,福留ハム(株)
2292,Ｓ　ＦＯＯＤＳ(株)
2293,滝沢ハム(株)
2294,(株)柿安本店
2296,伊藤ハム米久ホールディングス(株)
2300,(株)きょくとう
2301,(株)学情
2303,(株)ドーン
2304,(株)ＣＳＳホールディングス
2305,(株)スタジオアリス
2307,(株)クロスキャット
2309,シミックホールディングス(株)
2311,(株)エプコ
2315,(株)ＣＡＩＣＡ
2317,(株)システナ
2321,(株)ソフトフロントホールディングス
2323,(株)ｆｏｎｆｕｎ
2325,(株)ＮＪＳ
2326,デジタルアーツ(株)
2327,日鉄ソリューションズ(株)
2329,(株)東北新社
2330,(株)フォーサイド
2331,ＡＬＳＯＫ
2332,(株)クエスト
2334,(株)イオレ
2335,(株)キューブシステム
2337,いちご(株)
2338,(株)ビットワングループ
2340,(株)極楽湯ホールディングス
2341,(株)アルバイトタイムス
2342,(株)トランスジェニック
2344,平安レイサービス(株)
2345,(株)クシム
2349,(株)エヌアイデイ
2351,(株)ＡＳＪ
2352,(株)エイジア
2353,日本駐車場開発(株)
2354,(株)ＹＥ　ＤＩＧＩＴＡＬ
2359,(株)コア
2362,(株)夢真ホールディングス
2370,(株)メディネット
2371,(株)カカクコム
2372,(株)アイロムグループ
2373,(株)ケア２１
2374,セントケア・ホールディング(株)
2375,ギグワークス(株)
2376,(株)サイネックス
2378,(株)ルネサンス
2379,ディップ(株)
2384,ＳＢＳホールディングス(株)
2385,(株)総医研ホールディングス
2388,(株)ウェッジホールディングス
2389,(株)オプトホールディング
2391,(株)プラネット
2393,(株)日本ケアサプライ
2395,(株)新日本科学
2397,(株)ＤＮＡチップ研究所
2398,(株)ツクイ
2402,(株)アマナ
2404,(株)鉄人化計画
2406,(株)アルテ　サロン　ホールディングス
2408,(株)ＫＧ情報
2410,(株)キャリアデザインセンター
2411,ゲンダイエージェンシー(株)
2412,(株)ベネフィット・ワン
2413,エムスリー(株)
2415,ヒューマンホールディングス(株)
2417,(株)ツヴァイ
2418,(株)ツカダ・グローバルホールディング
2424,(株)ブラス
2425,(株)ケアサービス
2427,(株)アウトソーシング
2428,ウェルネット(株)
2429,(株)ワールドホールディングス
2432,(株)ディー・エヌ・エー
2433,(株)博報堂ＤＹホールディングス
2435,(株)シダー
2436,共同ピーアール(株)
2437,Ｓｈｉｎｗａ　Ｗｉｓｅ　Ｈｏｌｄｉｎｇｓ(株)
2438,(株)アスカネット
2440,(株)ぐるなび
2445,(株)タカミヤ
2449,(株)プラップジャパン
2453,ジャパンベストレスキューシステム(株)
2454,(株)オールアバウト
2459,アウンコンサルティング(株)
2461,(株)ファンコミュニケーションズ
2462,ライク(株)
2464,(株)ビジネス・ブレークスルー
2467,(株)バルクホールディングス
2468,(株)フュートレック
2469,ヒビノ(株)
2471,(株)エスプール
2475,ＷＤＢホールディングス(株)
2477,手間いらず(株)
2479,(株)ジェイテック
2480,システム・ロケーション(株)
2481,(株)タウンニュース社
2483,(株)翻訳センター
2484,(株)出前館
2485,(株)ティア
2487,(株)ＣＤＧ
2488,日本サード・パーティ(株)
2489,(株)アドウェイズ
2491,バリューコマース(株)
2492,(株)インフォマート
2493,イーサポートリンク(株)
2497,ユナイテッド(株)
2498,(株)オリエンタルコンサルタンツホールディングス
2499,日本和装ホールディングス(株)
2501,サッポロホールディングス(株)
2502,アサヒグループホールディングス(株)
2503,キリンホールディングス(株)
2531,宝ホールディングス(株)
2533,オエノンホールディングス(株)
2540,養命酒製造(株)
2551,マルサンアイ(株)
2573,北海道コカ・コーラボトリング(株)
2579,コカ・コーラ　ボトラーズジャパンホールディングス(株)
2586,(株)フルッタフルッタ
2587,サントリー食品インターナショナル(株)
2588,(株)プレミアムウォーターホールディングス
2590,ダイドーグループホールディングス(株)
2593,(株)伊藤園
2594,キーコーヒー(株)
2597,(株)ユニカフェ
2599,ジャパンフーズ(株)
2602,日清オイリオグループ(株)
2607,不二製油グループ本社(株)
2608,ボーソー油脂(株)
2612,かどや製油(株)
2613,(株)Ｊ−オイルミルズ
2651,(株)ローソン
2652,(株)まんだらけ
2653,イオン九州(株)
2654,(株)アスモ
2656,(株)ベクター
2659,(株)サンエー
2664,(株)カワチ薬品
2666,(株)オートウェーブ
2667,(株)イメージ　ワン
2668,タビオ(株)
2669,カネ美食品(株)
2670,(株)エービーシー・マート
2673,夢みつけ隊(株)
2674,(株)ハードオフコーポレーション
2675,(株)ダイナックホールディングス
2676,高千穂交易(株)
2678,アスクル(株)
2681,(株)ゲオホールディングス
2683,(株)魚喜
2685,(株)アダストリア
2686,(株)ジーフット
2687,(株)シー・ヴイ・エス・ベイエリア
2689,(株)カワニシホールディングス
2692,伊藤忠食品(株)
2693,ＹＫＴ(株)
2694,(株)ジー・テイスト
2695,くら寿司(株)
2698,(株)キャンドゥ
2700,木徳神糧(株)
2702,日本マクドナルドホールディングス(株)
2705,(株)大戸屋ホールディングス
2706,(株)ブロッコリー
2708,(株)久世
2714,プラマテルズ(株)
2715,エレマテック(株)
2721,(株)ジェイホールディングス
2722,(株)アイケイ
2726,(株)パルグループホールディングス
2729,(株)ＪＡＬＵＸ
2730,(株)エディオン
2733,(株)あらた
2734,(株)サーラコーポレーション
2735,(株)ワッツ
2736,フェスタリアホールディングス(株)
2737,(株)トーメンデバイス
2742,(株)ハローズ
2743,ピクセルカンパニーズ(株)
2747,北雄ラッキー(株)
2749,(株)ＪＰホールディングス
2750,石光商事(株)
2751,(株)テンポスホールディングス
2752,(株)フジオフードシステム
2753,(株)あみやき亭
2754,(株)東葛ホールディングス
2760,東京エレクトロン　デバイス(株)
2761,トシン・グループ(株)
2762,(株)三光マーケティングフーズ
2763,(株)エフティグループ
2764,(株)ひらまつ
2767,フィールズ(株)
2768,双日(株)
2769,(株)ヴィレッジヴァンガードコーポレーション
2773,(株)ミューチュアル
2776,新都ホールディングス(株)
2777,(株)カッシーナ・イクスシー
2778,パレモ・ホールディングス(株)
2780,(株)コメ兵
2782,(株)セリア
2784,アルフレッサ　ホールディングス(株)
2788,アップルインターナショナル(株)
2789,(株)カルラ
2790,(株)ナフコ
2791,大黒天物産(株)
2792,(株)ハニーズホールディングス
2795,日本プリメックス(株)
2796,ファーマライズホールディングス(株)
2798,(株)ワイズテーブルコーポレーション
2801,キッコーマン(株)
2802,味の素(株)
2804,ブルドックソース(株)
2805,ヱスビー食品(株)
2806,ユタカフーズ(株)
2809,キユーピー(株)
2810,ハウス食品グループ本社(株)
2811,カゴメ(株)
2812,焼津水産化学工業(株)
2813,和弘食品(株)
2814,佐藤食品工業(株)
2815,アリアケジャパン(株)
2816,(株)ダイショー
2818,(株)ピエトロ
2819,エバラ食品工業(株)
2820,(株)やまみ
2830,アヲハタ(株)
2831,はごろもフーズ(株)
2871,(株)ニチレイ
2872,(株)セイヒョー
2874,ヨコレイ
2875,東洋水産(株)
2876,(株)ジェーシー・コムサ
2877,日東ベスト(株)
2882,イートアンド(株)
2883,(株)大冷
2884,(株)ヨシムラ・フード・ホールディングス
2892,日本食品化工(株)
2894,石井食品(株)
2897,日清食品ホールディングス(株)
2899,(株)永谷園ホールディングス
2901,石垣食品(株)
2902,太陽化学(株)
2903,シノブフーズ(株)
2904,一正蒲鉾(株)
2905,オーケー食品工業(株)
2907,(株)あじかん
2908,フジッコ(株)
2910,(株)ロック・フィールド
2911,旭松食品(株)
2914,ＪＴ
2915,ケンコーマヨネーズ(株)
2916,仙波糖化工業(株)
2917,(株)大森屋
2918,わらべや日洋ホールディングス(株)
2919,(株)マルタイ
2922,(株)なとり
2923,サトウ食品工業(株)
2924,イフジ産業(株)
2925,(株)ピックルスコーポレーション
2926,(株)篠崎屋
2927,(株)ＡＦＣ−ＨＤアムスライフサイエンス
2928,ＲＩＺＡＰグループ(株)
2929,(株)ファーマフーズ
2930,(株)北の達人コーポレーション
2931,(株)ユーグレナ
2970,(株)グッドライフカンパニー
2971,エスコンジャパンリート投資法人
2972,サンケイリアルエステート投資法人
2974,大英産業(株)
2975,スター・マイカ・ホールディングス(株)
2976,日本グランデ(株)
2978,(株)ツクルバ
2979,SOSiLA物流リート投資法人
2980,ＳＲＥホールディングス(株)
2981,(株)ランディックス
2982,(株)ＡＤワークスグループ
3001,片倉工業(株)
3002,グンゼ(株)
3003,ヒューリック(株)
3004,神栄(株)
3010,価値開発(株)
3011,(株)バナーズ
3020,アプライド(株)
3021,(株)パシフィックネット
3023,ラサ商事(株)
3024,クリエイト(株)
3028,(株)アルペン
3030,(株)ハブ
3031,(株)ラクーンホールディングス
3032,(株)ゴルフ・ドゥ
3034,クオールホールディングス(株)
3035,ケイティケイ(株)
3036,アルコニックス(株)
3038,(株)神戸物産
3040,(株)ソリトンシステムズ
3041,(株)ビューティ花壇
3042,(株)セキュアヴェイル
3045,(株)カワサキ
3046,(株)ジンズホールディングス
3047,(株)ＴＲＵＣＫ−ＯＮＥ
3048,(株)ビックカメラ
3050,ＤＣＭホールディングス(株)
3053,(株)ペッパーフードサービス
3054,(株)ハイパー
3055,(株)ほくやく・竹山ホールディングス
3057,(株)ゼットン
3058,(株)三洋堂ホールディングス
3059,ヒラキ(株)
3063,(株)ジェイグループホールディングス
3064,(株)ＭｏｎｏｔａＲＯ
3065,(株)ライフフーズ
3066,(株)ＪＢイレブン
3067,(株)東京一番フーズ
3068,(株)ＷＤＩ
3069,(株)ＪＦＬＡホールディングス
3070,(株)アマガサ
3071,(株)ストリーム
3073,(株)ＤＤホールディングス
3075,(株)銚子丸
3076,あい　ホールディングス(株)
3077,ホリイフードサービス(株)
3079,ディーブイエックス(株)
3080,(株)ジェーソン
3082,(株)きちりホールディングス
3083,(株)シーズメン
3085,アークランドサービスホールディングス(株)
3086,Ｊ．フロント　リテイリング(株)
3087,(株)ドトール・日レスホールディングス
3088,(株)マツモトキヨシホールディングス
3089,テクノアルファ(株)
3091,(株)ブロンコビリー
3092,(株)ＺＯＺＯ
3093,(株)トレジャー・ファクトリー
3094,(株)スーパーバリュー
3096,(株)オーシャンシステム
3097,(株)物語コーポレーション
3098,(株)ココカラファイン
3099,(株)三越伊勢丹ホールディングス
3101,東洋紡(株)
3103,ユニチカ(株)
3104,富士紡ホールディングス(株)
3105,日清紡ホールディングス(株)
3106,クラボウ
3107,ダイワボウホールディングス(株)
3109,シキボウ(株)
3110,日東紡
3111,オーミケンシ(株)
3113,Ｏａｋ　キャピタル(株)
3116,トヨタ紡織(株)
3121,マーチャント・バンカーズ(株)
3123,サイボー(株)
3125,新内外綿(株)
3131,シンデン・ハイテックス(株)
3132,マクニカ・富士エレホールディングス(株)
3133,(株)海帆
3134,Ｈａｍｅｅ(株)
3135,(株)マーケットエンタープライズ
3136,(株)エコノス
3137,(株)ファンデリー
3138,(株)富士山マガジンサービス
3139,(株)ラクト・ジャパン
3140,(株)イデアインターナショナル
3141,ウエルシアホールディングス(株)
3143,オーウイル(株)
3148,(株)クリエイトＳＤホールディングス
3150,(株)グリムス
3151,(株)バイタルケーエスケー・ホールディングス
3153,八洲電機(株)
3154,メディアスホールディングス(株)
3156,(株)レスターホールディングス
3157,ジューテックホールディングス(株)
3159,丸善ＣＨＩホールディングス(株)
3160,(株)大光
3161,アゼアス(株)
3166,ＯＣＨＩホールディングス(株)
3167,(株)ＴＯＫＡＩホールディングス
3168,黒谷(株)
3169,(株)ミサワ
3171,マックスバリュ九州(株)
3172,ティーライフ(株)
3173,(株)Ｃｏｍｉｎｉｘ
3174,(株)ハピネス・アンド・ディ
3175,(株)エー・ピーカンパニー
3176,三洋貿易(株)
3177,(株)ありがとうサービス
3178,チムニー(株)
3179,シュッピン(株)
3180,(株)ビューティガレージ
3181,(株)買取王国
3182,オイシックス・ラ・大地(株)
3183,ウイン・パートナーズ(株)
3184,ＩＣＤＡホールディングス(株)
3185,夢展望(株)
3186,(株)ネクステージ
3187,(株)サンワカンパニー
3189,(株)ＡＮＡＰ
3190,(株)ホットマン
3191,(株)ジョイフル本田
3192,(株)白鳩
3193,(株)鳥貴族
3194,(株)キリン堂ホールディングス
3195,(株)ジェネレーションパス
3196,(株)ホットランド
3197,(株)すかいらーくホールディングス
3198,ＳＦＰホールディングス(株)
3199,綿半ホールディングス(株)
3201,ニッケ
3202,ダイトウボウ(株)
3204,(株)トーア紡コーポレーション
3205,(株)ダイドーリミテッド
3221,(株)ヨシックス
3222,ユナイテッド・スーパーマーケット・ホールディングス(株)
3223,(株)エスエルディー
3224,(株)ゼネラル・オイスター
3226,日本アコモデーションファンド投資法人
3227,MCUBS MidCity投資法人
3228,(株)三栄建築設計
3229,日本コマーシャル投資法人
3231,野村不動産ホールディングス(株)
3232,三重交通グループホールディングス(株)
3234,森ヒルズリート投資法人
3236,(株)プロパスト
3237,(株)イントランス
3238,セントラル総合開発(株)
3240,野村不動産レジデンシャル投資法人
3241,(株)ウィル
3242,(株)アーバネットコーポレーション
3244,サムティ(株)
3245,(株)ディア・ライフ
3246,(株)コーセーアールイー
3248,(株)アールエイジ
3249,産業ファンド投資法人
3252,日本商業開発(株)
3254,(株)プレサンスコーポレーション
3258,ユニゾホールディングス(株)
3260,(株)エスポア
3261,(株)グランディーズ
3263,大和ハウスリート投資法人（旧）
3264,(株)アスコット
3266,(株)ファンドクリエーショングループ
3267,(株)フィル・カンパニー
3269,アドバンス・レジデンス投資法人
3271,(株)ＴＨＥグローバル社
3275,ハウスコム(株)
3276,日本管理センター(株)
3277,(株)サンセイランディック
3278,ケネディクス・レジデンシャル・ネクスト投資法人
3279,アクティビア・プロパティーズ投資法人
3280,(株)エストラスト
3281,ＧＬＰ投資法人
3282,コンフォリア・レジデンシャル投資法人
3283,日本プロロジスリート投資法人
3284,(株)フージャースホールディングス
3285,野村不動産マスターファンド投資法人（旧）
3286,トラストホールディングス(株)
3287,星野リゾート・リート投資法人
3288,(株)オープンハウス
3289,東急不動産ホールディングス(株)
3290,Oneリート投資法人
3291,飯田グループホールディングス(株)
3292,イオンリート投資法人
3293,アズマハウス(株)
3294,(株)イーグランド
3295,ヒューリックリート投資法人
3296,日本リート投資法人
3297,(株)東武住販
3298,インベスコ・オフィス・ジェイリート投資法人
3299,(株)ムゲンエステート
3300,(株)ＡＭＢＩＴＩＯＮ
3302,帝国繊維(株)
3306,日本製麻(株)
3308,日本ヘルスケア投資法人
3309,積水ハウス・リート投資法人
3315,日本コークス工業(株)
3316,東京日産コンピュータシステム(株)
3317,(株)フライングガーデン
3319,(株)ゴルフダイジェスト・オンライン
3320,クロスプラス(株)
3321,ミタチ産業(株)
3322,アルファグループ(株)
3323,レカム(株)
3326,(株)ランシステム
3328,ＢＥＥＮＯＳ(株)
3329,東和フードサービス(株)
3333,(株)あさひ
3341,日本調剤(株)
3344,(株)ワンダーコーポレーション
3346,２１ＬＡＤＹ(株)
3347,(株)トラスト
3349,(株)コスモス薬品
3350,(株)レッド・プラネット・ジャパン
3352,(株)バッファロー
3353,(株)メディカル一光グループ
3355,クリヤマホールディングス(株)
3356,(株)テリロジー
3358,ワイエスフード(株)
3359,(株)ｃｏｔｔａ
3360,シップヘルスケアホールディングス(株)
3361,(株)トーエル
3370,(株)フジタコーポレーション
3371,(株)ソフトクリエイトホールディングス
3372,(株)関門海
3374,内外テック(株)
3375,(株)ＺＯＡ
3376,(株)オンリー
3377,(株)バイク王＆カンパニー
3382,(株)セブン＆アイ・ホールディングス
3384,(株)アークコア
3386,コスモ・バイオ(株)
3387,(株)クリエイト・レストランツ・ホールディングス
3388,明治電機工業(株)
3390,ＩＮＥＳＴ(株)
3391,(株)ツルハホールディングス
3392,デリカフーズホールディングス(株)
3393,スターティアホールディングス(株)
3395,(株)サンマルクホールディングス
3396,(株)フェリシモ
3397,(株)トリドールホールディングス
3399,(株)丸千代山岡家
3401,帝人(株)
3402,東レ(株)
3405,(株)クラレ
3407,旭化成(株)
3408,サカイオーベックス(株)
3409,北日本紡績(株)
3415,(株)ＴＯＫＹＯ　ＢＡＳＥ
3416,ピクスタ(株)
3417,大木ヘルスケアホールディングス(株)
3418,(株)バルニバービ
3419,アートグリーン(株)
3420,(株)ケー・エフ・シー
3421,(株)稲葉製作所
3422,(株)丸順
3423,(株)エスイー
3424,ミヤコ(株)
3426,アトムリビンテック(株)
3431,宮地エンジニアリンググループ(株)
3433,トーカロ(株)
3434,(株)アルファ
3435,サンコーテクノ(株)
3436,(株)ＳＵＭＣＯ
3437,特殊電極(株)
3439,(株)三ツ知
3440,日創プロニティ(株)
3441,(株)山王
3442,(株)ＭＩＥコーポレーション
3443,川田テクノロジーズ(株)
3444,(株)菊池製作所
3445,(株)ＲＳ　Ｔｅｃｈｎｏｌｏｇｉｅｓ
3446,(株)ジェイテックコーポレーション
3447,信和(株)
3449,(株)テクノフレックス
3451,トーセイ・リート投資法人
3452,(株)ビーロット
3453,ケネディクス商業リート投資法人
3454,ファーストブラザーズ(株)
3455,ヘルスケア＆メディカル投資法人
3457,(株)ハウスドゥ
3458,(株)シーアールイー
3459,サムティ・レジデンシャル投資法人
3460,ジャパン・シニアリビング投資法人
3461,(株)パルマ
3462,野村不動産マスターファンド投資法人
3463,いちごホテルリート投資法人
3464,プロパティエージェント(株)
3465,ケイアイスター不動産(株)
3466,ラサールロジポート投資法人
3467,アグレ都市デザイン(株)
3468,スターアジア不動産投資法人
3469,(株)デュアルタップ
3470,マリモ地方創生リート投資法人
3471,三井不動産ロジスティクスパーク投資法人
3472,大江戸温泉リート投資法人
3473,さくら総合リート投資法人
3474,Ｇ−ＦＡＣＴＯＲＹ(株)
3475,(株)グッドコムアセット
3476,投資法人みらい
3477,フォーライフ(株)
3478,森トラスト・ホテルリート投資法人
3479,(株)ティーケーピー
3480,(株)ジェイ・エス・ビー
3481,三菱地所物流リート投資法人
3482,ロードスターキャピタル(株)
3484,(株)テンポイノベーション
3486,(株)グローバル・リンク・マネジメント
3487,CREロジスティクスファンド投資法人
3488,ザイマックス・リート投資法人
3489,(株)フェイスネットワーク
3490,(株)アズ企画設計
3491,(株)ＧＡ　ｔｅｃｈｎｏｌｏｇｉｅｓ
3492,タカラレーベン不動産投資法人
3493,伊藤忠アドバンス・ロジスティクス投資法人
3494,(株)マリオン
3495,香陵住販(株)
3496,(株)アズーム
3497,(株)リーガル不動産
3498,霞ヶ関キャピタル(株)
3501,住江織物(株)
3504,(株)丸八ホールディングス
3512,日本フエルト(株)
3513,イチカワ(株)
3515,(株)フジコー
3521,エコナックホールディングス(株)
3524,日東製網(株)
3526,芦森工業(株)
3528,(株)プロスペクト
3529,アツギ(株)
3536,アクサスホールディングス(株)
3537,昭栄薬品(株)
3538,(株)ウイルプラスホールディングス
3539,(株)ＪＭホールディングス
3540,(株)歯愛メディカル
3541,(株)農業総合研究所
3542,(株)ベガコーポレーション
3543,(株)コメダホールディングス
3544,サツドラホールディングス(株)
3546,アレンザホールディングス(株)
3547,(株)串カツ田中ホールディングス
3548,(株)バロックジャパンリミテッド
3549,(株)クスリのアオキホールディングス
3550,(株)スタジオアタオ
3551,ダイニック(株)
3553,共和レザー(株)
3556,リネットジャパングループ(株)
3557,ユナイテッド＆コレクティブ(株)
3558,(株)ロコンド
3559,(株)ピーバンドットコム
3560,(株)ほぼ日
3561,(株)力の源ホールディングス
3562,(株)Ｎｏ．１
3563,(株)スシローグローバルホールディングス
3564,(株)ＬＩＸＩＬビバ
3565,アセンテック(株)
3566,ユニフォームネクスト(株)
3569,セーレン(株)
3571,(株)ソトー
3577,東海染工(株)
3578,倉庫精練(株)
3580,小松マテーレ(株)
3583,オーベクス(株)
3591,(株)ワコールホールディングス
3593,(株)ホギメディカル
3597,(株)自重堂
3598,山喜(株)
3600,(株)フジックス
3604,川本産業(株)
3606,(株)レナウン
3607,(株)クラウディアホールディングス
3608,(株)ＴＳＩホールディングス
3611,(株)マツオカコーポレーション
3612,(株)ワールド
3622,ネットイヤーグループ(株)
3623,ビリングシステム(株)
3624,アクセルマーク(株)
3625,テックファームホールディングス(株)
3626,ＴＩＳ(株)
3627,ネオス(株)
3628,(株)データホライゾン
3630,(株)電算システム
3632,グリー(株)
3633,ＧＭＯペパボ(株)
3634,(株)ソケッツ
3635,(株)コーエーテクモホールディングス
3636,(株)三菱総合研究所
3639,(株)ボルテージ
3640,(株)電算
3641,(株)パピレス
3645,(株)メディカルネット
3646,(株)駅探
3647,(株)ジー・スリーホールディングス
3648,ＡＧＳ(株)
3649,(株)ファインデックス
3652,(株)ディジタルメディアプロフェッショナル
3653,(株)モルフォ
3655,(株)ブレインパッド
3656,ＫＬａｂ(株)
3657,ポールトゥウィン・ピットクルーホールディングス(株)
3658,(株)イーブックイニシアティブジャパン
3659,(株)ネクソン
3660,(株)アイスタイル
3661,(株)エムアップホールディングス
3662,(株)エイチーム
3663,アートスパークホールディングス(株)
3664,(株)モブキャストホールディングス
3665,(株)エニグモ
3666,(株)テクノスジャパン
3667,(株)ｅｎｉｓｈ
3668,(株)コロプラ
3670,協立情報通信(株)
3671,ソフトマックス(株)
3672,(株)オルトプラス
3673,(株)ブロードリーフ
3674,(株)オークファン
3675,(株)クロス・マーケティンググループ
3676,(株)デジタルハーツホールディングス
3677,(株)システム情報
3678,(株)メディアドゥホールディングス
3679,(株)じげん
3680,(株)ホットリンク
3681,(株)ブイキューブ
3682,エンカレッジ・テクノロジ(株)
3683,(株)サイバーリンクス
3686,(株)ディー・エル・イー
3687,(株)フィックスターズ
3688,(株)ＣＡＲＴＡ　ＨＯＬＤＩＮＧＳ
3689,(株)イグニス
3690,(株)イルグルム
3691,(株)リアルワールド
3692,(株)ＦＦＲＩ
3694,(株)オプティム
3695,ＧＭＯリサーチ(株)
3696,(株)セレス
3697,(株)ＳＨＩＦＴ
3698,(株)ＣＲＩ・ミドルウェア
3708,特種東海製紙(株)
3710,ジョルダン(株)
3712,(株)情報企画
3719,(株)ジェクシード
3723,日本ファルコム(株)
3726,(株)フォーシーズホールディングス
3727,(株)アプリックス
3733,(株)ソフトウェア・サービス
3738,(株)ティーガイア
3739,コムシード(株)
3741,(株)セック
3744,サイオス(株)
3747,(株)インタートレード
3750,ＦＲＡＣＴＡＬＥ(株)
3751,日本アジアグループ(株)
3753,(株)フライトホールディングス
3756,(株)豆蔵ホールディングス
3758,(株)アエリア
3760,(株)ケイブ
3762,テクマトリックス(株)
3763,(株)プロシップ
3765,ガンホー・オンライン・エンターテイメント(株)
3766,システムズ・デザイン(株)
3768,リスクモンスター(株)
3769,ＧＭＯペイメントゲートウェイ(株)
3770,(株)ザッパラス
3771,(株)システムリサーチ
3772,ウェルス・マネジメント(株)
3773,(株)アドバンスト・メディア
3774,(株)インターネットイニシアティブ
3775,(株)ガイアックス
3776,(株)ブロードバンドタワー
3777,(株)ＦＨＴホールディングス
3778,さくらインターネット(株)
3779,ジェイ・エスコム　ホールディングス(株)
3782,(株)ディー・ディー・エス
3784,(株)ヴィンクス
3787,(株)テクノマセマティカル
3788,ＧＭＯクラウド(株)
3791,(株)ＩＧポート
3793,(株)ドリコム
3796,(株)いい生活
3798,ＵＬＳグループ(株)
3799,キーウェアソリューションズ(株)
3800,(株)ユニリタ
3802,(株)エコミック
3803,イメージ情報開発(株)
3804,(株)システム　ディ
3807,(株)フィスコ
3808,(株)オウケイウェイヴ
3810,サイバーステップ(株)
3814,(株)アルファクス・フード・システム
3815,(株)メディア工房
3816,(株)大和コンピューター
3817,(株)ＳＲＡホールディングス
3823,(株)アクロディア
3824,メディアファイブ(株)
3825,(株)リミックスポイント
3826,(株)システムインテグレータ
3830,(株)ギガプライズ
3834,(株)朝日ネット
3835,ｅＢＡＳＥ(株)
3836,(株)アバント
3837,アドソル日進(株)
3839,(株)ＯＤＫソリューションズ
3840,パス(株)
3841,(株)ジーダット
3842,(株)ネクストジェン
3843,フリービット(株)
3844,コムチュア(株)
3845,(株)アイフリークモバイル
3847,パシフィックシステム(株)
3848,(株)データ・アプリケーション
3849,日本テクノ・ラボ(株)
3850,(株)ＮＴＴデータイントラマート
3851,(株)日本一ソフトウェア
3852,サイバーコム(株)
3853,アステリア(株)
3854,(株)アイル
3856,Ａｂａｌａｎｃｅ(株)
3857,(株)ラック
3858,(株)ユビキタスＡＩコーポレーション
3861,王子ホールディングス(株)
3863,日本製紙(株)
3864,三菱製紙(株)
3865,北越コーポレーション(株)
3877,中越パルプ工業(株)
3878,(株)巴川製紙所
3880,大王製紙(株)
3891,ニッポン高度紙工業(株)
3892,(株)岡山製紙
3895,ハビックス(株)
3896,阿波製紙(株)
3900,(株)クラウドワークス
3901,マークラインズ(株)
3902,メディカル・データ・ビジョン(株)
3903,(株)ｇｕｍｉ
3904,(株)カヤック
3905,データセクション(株)
3906,(株)ＡＬＢＥＲＴ
3907,シリコンスタジオ(株)
3908,(株)コラボス
3909,(株)ショーケース
3910,(株)エムケイシステム
3911,(株)Ａｉｍｉｎｇ
3912,(株)モバイルファクトリー
3913,(株)ｓＭｅｄｉｏ
3914,ＪＩＧ−ＳＡＷ(株)
3915,(株)テラスカイ
3916,デジタル・インフォメーション・テクノロジー(株)
3917,(株)アイリッジ
3918,ＰＣＩホールディングス(株)
3919,パイプドＨＤ(株)
3920,アイビーシー(株)
3921,(株)ネオジャパン
3922,(株)ＰＲ　ＴＩＭＥＳ
3923,(株)ラクス
3924,(株)ランドコンピュータ
3925,(株)ダブルスタンダード
3926,(株)オープンドア
3927,(株)フーバーブレイン
3928,(株)マイネット
3929,ソーシャルワイヤー(株)
3930,(株)はてな
3931,(株)バリューゴルフ
3932,(株)アカツキ
3933,チエル(株)
3934,(株)ベネフィットジャパン
3935,(株)エディア
3936,(株)グローバルウェイ
3937,(株)Ｕｂｉｃｏｍホールディングス
3938,ＬＩＮＥ(株)
3939,(株)カナミックネットワーク
3940,(株)ノムラシステムコーポレーション
3941,レンゴー(株)
3943,大石産業(株)
3944,古林紙工(株)
3945,スーパーバッグ(株)
3946,(株)トーモク
3947,ダイナパック(株)
3948,光ビジネスフォーム(株)
3950,ザ・パック(株)
3951,朝日印刷(株)
3952,中央紙器工業(株)
3953,大村紙業(株)
3954,昭和パックス(株)
3955,(株)イムラ封筒
3956,国際チャート(株)
3960,(株)バリューデザイン
3961,シルバーエッグ・テクノロジー(株)
3962,(株)チェンジ
3963,(株)シンクロ・フード
3964,(株)オークネット
3965,(株)キャピタル・アセット・プランニング
3966,(株)ユーザベース
3967,(株)エルテス
3968,セグエグループ(株)
3969,(株)エイトレッド
3970,(株)イノベーション
3974,(株)ティビィシィ・スキヤツト
3975,ＡＯＩ　ＴＹＯ　Ｈｏｌｄｉｎｇｓ(株)
3976,(株)シャノン
3977,フュージョン(株)
3978,(株)マクロミル
3979,(株)うるる
3981,(株)ビーグリー
3983,(株)オロ
3984,(株)ユーザーローカル
3985,テモナ(株)
3986,(株)ビーブレイクシステムズ
3987,エコモット(株)
3988,(株)ＳＹＳホールディングス
3989,シェアリングテクノロジー(株)
3990,ＵＵＵＭ(株)
3991,ウォンテッドリー(株)
3992,(株)ニーズウェル
3993,(株)ＰＫＳＨＡ　Ｔｅｃｈｎｏｌｏｇｙ
3994,(株)マネーフォワード
3995,(株)ＳＫＩＹＡＫＩ
3996,サインポスト(株)
3997,(株)トレードワークス
3998,(株)すららネット
3999,ナレッジスイート(株)
4004,昭和電工(株)
4005,住友化学(株)
4008,住友精化(株)
4021,日産化学(株)
4022,ラサ工業(株)
4023,(株)クレハ
4025,多木化学(株)
4026,神島化学工業(株)
4027,テイカ(株)
4028,石原産業(株)
4031,片倉コープアグリ(株)
4041,日本曹達(株)
4042,東ソー(株)
4043,(株)トクヤマ
4044,セントラル硝子(株)
4045,東亞合成(株)
4046,(株)大阪ソーダ
4047,関東電化工業(株)
4061,デンカ(株)
4062,イビデン(株)
4063,信越化学工業(株)
4064,日本カーバイド工業(株)
4078,堺化学工業(株)
4080,(株)田中化学研究所
4082,第一稀元素化学工業(株)
4088,エア・ウォーター(株)
4091,大陽日酸(株)
4092,日本化学工業(株)
4093,東邦アセチレン(株)
4094,日本化学産業(株)
4095,日本パーカライジング(株)
4097,高圧ガス工業(株)
4098,チタン工業(株)
4099,四国化成工業(株)
4100,戸田工業(株)
4102,丸尾カルシウム(株)
4107,伊勢化学工業(株)
4109,ステラ　ケミファ(株)
4112,保土谷化学工業(株)
4113,田岡化学工業(株)
4114,(株)日本触媒
4115,本州化学工業(株)
4116,大日精化工業(株)
4118,(株)カネカ
4119,日本ピグメント(株)
4120,スガイ化学工業(株)
4124,大阪油化工業(株)
4151,協和キリン(株)
4182,三菱ガス化学(株)
4183,三井化学(株)
4185,ＪＳＲ(株)
4186,東京応化工業(株)
4187,大阪有機化学工業(株)
4188,(株)三菱ケミカルホールディングス
4189,ＫＨネオケム(株)
4202,(株)ダイセル
4203,住友ベークライト(株)
4204,積水化学工業(株)
4205,日本ゼオン(株)
4206,アイカ工業(株)
4208,宇部興産(株)
4212,積水樹脂(株)
4215,タキロンシーアイ(株)
4216,旭有機材(株)
4217,日立化成(株)
4218,ニチバン(株)
4220,リケンテクノス(株)
4221,大倉工業(株)
4222,児玉化学工業(株)
4224,ロンシール工業(株)
4228,積水化成品工業(株)
4229,群栄化学工業(株)
4231,タイガースポリマー(株)
4234,(株)サンエー化研
4235,ウルトラファブリックス・ホールディングス(株)
4237,フジプレアム(株)
4238,ミライアル(株)
4240,クラスターテクノロジー(株)
4241,(株)アテクト
4242,(株)タカギセイコー
4243,(株)ニックス
4245,(株)ダイキアクシス
4246,ダイキョーニシカワ(株)
4247,ポバール興業(株)
4248,竹本容器(株)
4249,森六ホールディングス(株)
4251,恵和(株)
4272,日本化薬(株)
4274,細谷火工(株)
4275,カーリットホールディングス(株)
4282,ＥＰＳホールディングス(株)
4284,(株)ソルクシーズ
4286,(株)レッグス
4287,(株)ジャストプランニング
4288,(株)アズジェント
4290,(株)プレステージ・インターナショナル
4293,(株)セプテーニ・ホールディングス
4295,(株)フェイス
4298,(株)プロトコーポレーション
4299,(株)ハイマックス
4301,(株)アミューズ
4304,(株)Ｅストアー
4307,(株)野村総合研究所
4308,(株)Ｊストリーム
4310,(株)ドリームインキュベータ
4312,サイバネットシステム(株)
4316,(株)ビーマップ
4317,(株)レイ
4318,(株)クイック
4319,ＴＡＣ(株)
4320,(株)ＣＥホールディングス
4321,ケネディクス(株)
4323,日本システム技術(株)
4324,(株)電通グループ
4326,(株)インテージホールディングス
4327,日本エス・エイチ・エル(株)
4331,(株)テイクアンドギヴ・ニーズ
4333,(株)東邦システムサイエンス
4334,(株)ユークス
4335,(株)アイ・ピー・エス
4336,(株)クリエアナブキ
4337,ぴあ(株)
4341,西菱電機(株)
4342,セコム上信越(株)
4343,(株)イオンファンタジー
4344,ソースネクスト(株)
4345,(株)シーティーエス
4346,(株)ネクシィーズグループ
4347,ブロードメディア(株)
4348,インフォコム(株)
4349,(株)テスク
4350,(株)メディカルシステムネットワーク
4351,(株)山田債権回収管理総合事務所
4355,ロングライフホールディング(株)
4356,応用技術(株)
4361,川口化学工業(株)
4362,日本精化(株)
4364,マナック(株)
4365,松本油脂製薬(株)
4366,ダイトーケミックス(株)
4367,広栄化学工業(株)
4368,扶桑化学工業(株)
4369,(株)トリケミカル研究所
4380,(株)Ｍマート
4381,ビープラッツ(株)
4382,ＨＥＲＯＺ(株)
4384,ラクスル(株)
4385,(株)メルカリ
4386,(株)ＳＩＧ
4387,(株)ＺＵＵ
4388,(株)エーアイ
4389,プロパティデータバンク(株)
4390,(株)アイ・ピー・エス
4391,ロジザード(株)
4392,ＦＩＧ(株)
4393,(株)バンク・オブ・イノベーション
4394,(株)エクスモーション
4395,(株)アクリート
4396,(株)システムサポート
4397,(株)チームスピリット
4398,(株)ブロードバンドセキュリティ
4399,(株)くふうカンパニー
4401,(株)ＡＤＥＫＡ
4403,日油(株)
4404,ミヨシ油脂(株)
4406,新日本理化(株)
4409,東邦化学工業(株)
4410,ハリマ化成グループ(株)
4420,イーソル(株)
4421,(株)ディ・アイ・システム
4422,ＶＡＬＵＥＮＥＸ(株)
4423,アルテリア・ネットワークス(株)
4424,(株)Ａｍａｚｉａ
4425,Ｋｕｄａｎ(株)
4427,(株)ＥｄｕＬａｂ
4428,(株)シノプス
4429,リックソフト(株)
4430,東海ソフト(株)
4431,(株)スマレジ
4433,(株)ヒト・コミュニケーションズ・ホールディングス
4434,(株)サーバーワークス
4435,(株)カオナビ
4436,(株)ミンカブ・ジ・インフォノイド
4437,ｇｏｏｄｄａｙｓホールディングス(株)
4438,(株)Ｗｅｌｂｙ
4439,(株)東名
4440,(株)ヴィッツ
4441,トビラシステムズ(株)
4442,バルテス(株)
4443,Ｓａｎｓａｎ(株)
4444,(株)インフォネット
4445,リビン・テクノロジーズ(株)
4446,(株)Ｌｉｎｋ−Ｕ
4447,(株)ピー・ビーシステムズ
4448,Ｃｈａｔｗｏｒｋ(株)
4449,(株)ギフティ
4450,(株)パワーソリューションズ
4452,花王(株)
4461,第一工業製薬(株)
4462,石原ケミカル(株)
4463,日華化学(株)
4464,(株)ソフト９９コーポレーション
4465,(株)ニイタカ
4471,三洋化成工業(株)
4475,ＨＥＮＮＧＥ(株)
4476,ＡＩ　ＣＲＯＳＳ(株)
4477,ＢＡＳＥ(株)
4478,フリー(株)
4479,(株)マクアケ
4480,(株)メドレー
4481,ベース(株)
4482,(株)ウィルズ
4483,(株)ＪＭＤＣ
4484,ランサーズ(株)
4485,(株)ＪＴＯＷＥＲ
4486,ユナイトアンドグロウ(株)
4487,(株)スペースマーケット
4488,ＡＩ　ｉｎｓｉｄｅ(株)
4490,(株)ビザスク
4491,コンピューターマネージメント(株)
4492,(株)ゼネテック
4493,(株)サイバーセキュリティクラウド
4502,武田薬品工業(株)
4503,アステラス製薬(株)
4506,大日本住友製薬(株)
4507,塩野義製薬(株)
4512,わかもと製薬(株)
4514,あすか製薬(株)
4516,日本新薬(株)
4517,ビオフェルミン製薬(株)
4519,中外製薬(株)
4521,科研製薬(株)
4523,エーザイ(株)
4524,森下仁丹(株)
4526,理研ビタミン(株)
4527,ロート製薬(株)
4528,小野薬品工業(株)
4530,久光製薬(株)
4531,有機合成薬品工業(株)
4534,持田製薬(株)
4536,参天製薬(株)
4538,扶桑薬品工業(株)
4539,日本ケミファ(株)
4540,(株)ツムラ
4541,日医工(株)
4543,テルモ(株)
4544,みらかホールディングス(株)
4547,キッセイ薬品工業(株)
4548,生化学工業(株)
4549,栄研化学(株)
4550,日水製薬(株)
4551,鳥居薬品(株)
4552,ＪＣＲファーマ(株)
4553,東和薬品(株)
4554,富士製薬工業(株)
4555,沢井製薬(株)
4556,(株)カイノス
4557,(株)医学生物学研究所
4558,(株)中京医薬品
4559,ゼリア新薬工業(株)
4563,アンジェス(株)
4564,オンコセラピー・サイエンス(株)
4565,そーせいグループ(株)
4568,第一三共(株)
4569,キョーリン製薬ホールディングス(株)
4570,(株)免疫生物研究所
4571,ナノキャリア(株)
4572,カルナバイオサイエンス(株)
4574,大幸薬品(株)
4575,(株)キャンバス
4576,(株)デ・ウエスタン・セラピテクス研究所
4577,ダイト(株)
4578,大塚ホールディングス(株)
4579,ラクオリア創薬(株)
4581,大正製薬ホールディングス(株)
4582,シンバイオ製薬(株)
4583,(株)カイオム・バイオサイエンス
4584,(株)ジーンテクノサイエンス
4586,(株)メドレックス
4587,ペプチドリーム(株)
4588,オンコリスバイオファーマ(株)
4591,(株)リボミック
4592,サンバイオ(株)
4593,(株)ヘリオス
4594,ブライトパス・バイオ(株)
4595,(株)ミズホメディー
4596,窪田製薬ホールディングス(株)
4597,ソレイジア・ファーマ(株)
4598,Ｄｅｌｔａ−Ｆｌｙ　Ｐｈａｒｍａ(株)
4599,(株)ステムリム
4611,大日本塗料(株)
4612,日本ペイントホールディングス(株)
4613,関西ペイント(株)
4615,神東塗料(株)
4616,川上塗料(株)
4617,中国塗料(株)
4619,日本特殊塗料(株)
4620,藤倉化成(株)
4621,ロックペイント(株)
4623,(株)アサヒペン
4624,イサム塗料(株)
4625,アトミクス(株)
4626,太陽ホールディングス(株)
4627,ナトコ(株)
4628,エスケー化研(株)
4629,大伸化学(株)
4631,ＤＩＣ(株)
4633,サカタインクス(株)
4634,東洋インキＳＣホールディングス(株)
4635,東京インキ(株)
4636,(株)Ｔ＆Ｋ　ＴＯＫＡ
4640,アンドール(株)
4641,(株)アルプス技研
4642,オリジナル設計(株)
4644,イマジニア(株)
4645,(株)市進ホールディングス
4649,大成(株)
4650,ＳＤエンターテイメント(株)
4651,(株)サニックス
4653,(株)ダイオーズ
4657,(株)環境管理センター
4658,日本空調サービス(株)
4659,(株)エイジス
4661,(株)オリエンタルランド
4662,(株)フォーカスシステムズ
4664,ＲＳＣ
4665,(株)ダスキン
4666,パーク２４(株)
4667,アイサンテクノロジー(株)
4668,(株)明光ネットワークジャパン
4669,(株)ニッパンレンタル
4671,(株)ファルコホールディングス
4673,川崎地質(株)
4674,(株)クレスコ
4676,(株)フジ・メディア・ホールディングス
4678,(株)秀英予備校
4679,(株)田谷
4680,(株)ラウンドワン
4681,リゾートトラスト(株)
4684,(株)オービック
4685,(株)菱友システムズ
4686,(株)ジャストシステム
4687,ＴＤＣソフト(株)
4689,Ｚホールディングス(株)
4690,日本パレットプール(株)
4691,ワシントンホテル(株)
4694,(株)ビー・エム・エル
4696,ワタベウェディング(株)
4699,ウチダエスコ(株)
4704,トレンドマイクロ(株)
4705,(株)クリップコーポレーション
4707,(株)キタック
4708,りらいあコミュニケーションズ(株)
4709,(株)ＩＤホールディングス
4712,(株)ＫｅｙＨｏｌｄｅｒ
4714,(株)リソー教育
4716,日本オラクル(株)
4718,(株)早稲田アカデミー
4719,(株)アルファシステムズ
4720,(株)城南進学研究社
4722,フューチャー(株)
4725,(株)ＣＡＣ　Ｈｏｌｄｉｎｇｓ
4726,ＳＢテクノロジー(株)
4728,(株)トーセ
4732,(株)ユー・エス・エス
4733,(株)オービックビジネスコンサルタント
4734,(株)ビーイング
4735,(株)京進
4736,日本ラッド(株)
4739,伊藤忠テクノソリューションズ(株)
4743,(株)アイティフォー
4745,(株)東京個別指導学院
4746,(株)東計電算
4748,(株)構造計画研究所
4750,(株)ダイサン
4751,(株)サイバーエージェント
4752,(株)昭和システムエンジニアリング
4754,(株)トスネット
4755,楽天(株)
4760,(株)アルファ
4761,(株)さくらケーシーエス
4762,(株)エックスネット
4763,(株)クリーク・アンド・リバー社
4764,ＳＡＭＵＲＡＩ＆Ｊ　ＰＡＲＴＮＥＲＳ(株)
4765,モーニングスター(株)
4766,(株)ピーエイ
4767,(株)テー・オー・ダブリュー
4768,(株)大塚商会
4769,(株)インフォメーションクリエーティブ
4770,図研エルミック(株)
4771,(株)エフアンドエム
4772,(株)ストリームメディアコーポレーション
4776,サイボウズ(株)
4777,(株)ガーラ
4779,ソフトブレーン(株)
4781,日本ハウズイング(株)
4783,日本コンピュータ・ダイナミクス(株)
4784,ＧＭＯアドパートナーズ(株)
4792,山田コンサルティンググループ(株)
4800,オリコン(株)
4801,セントラルスポーツ(株)
4809,パラカ(株)
4812,ＩＳＩＤ
4813,(株)ＡＣＣＥＳＳ
4814,ネクストウェア(株)
4816,東映アニメーション(株)
4819,(株)デジタルガレージ
4820,(株)ＥＭシステムズ
4824,(株)メディアシーク
4825,(株)ウェザーニューズ
4826,(株)ＣＩＪ
4827,ビジネス・ワンホールディングス(株)
4828,ビジネスエンジニアリング(株)
4829,日本エンタープライズ(株)
4832,ＪＦＥシステムズ(株)
4833,(株)ぱど
4834,キャリアバンク(株)
4837,シダックス(株)
4838,(株)スペースシャワーネットワーク
4839,(株)ＷＯＷＯＷ
4840,(株)トライアイズ
4845,(株)スカラ
4847,(株)インテリジェント　ウェイブ
4848,(株)フルキャストホールディングス
4849,エン・ジャパン(株)
4875,メディシノバ
4880,セルソース(株)
4901,富士フイルムホールディングス(株)
4902,コニカミノルタ(株)
4911,(株)資生堂
4912,ライオン(株)
4914,高砂香料工業(株)
4917,(株)マンダム
4918,(株)アイビー化粧品
4919,(株)ミルボン
4920,(株)日本色材工業研究所
4921,(株)ファンケル
4922,(株)コーセー
4923,コタ(株)
4925,(株)ハーバー研究所
4926,(株)シーボン
4927,(株)ポーラ・オルビスホールディングス
4928,(株)ノエビアホールディングス
4929,(株)アジュバンコスメジャパン
4931,新日本製薬(株)
4951,エステー(株)
4952,(株)エス・ディー・エス　バイオテック
4955,アグロ　カネショウ(株)
4956,コニシ(株)
4957,ヤスハラケミカル(株)
4958,長谷川香料(株)
4960,ケミプロ化成(株)
4962,互応化学工業(株)
4963,星光ＰＭＣ(株)
4966,上村工業(株)
4967,小林製薬(株)
4968,荒川化学工業(株)
4970,東洋合成工業(株)
4971,メック(株)
4972,綜研化学(株)
4973,日本高純度化学(株)
4974,タカラバイオ(株)
4975,(株)ＪＣＵ
4976,東洋ドライルーブ(株)
4977,新田ゼラチン(株)
4978,(株)リプロセル
4979,ＯＡＴアグリオ(株)
4980,デクセリアルズ(株)
4985,アース製薬(株)
4987,(株)寺岡製作所
4990,昭和化学工業(株)
4992,北興化学工業(株)
4994,大成ラミック(株)
4995,サンケイ化学(株)
4996,クミアイ化学工業(株)
4997,日本農薬(株)
4998,フマキラー(株)
4999,セメダイン(株)
5008,東亜石油(株)
5009,富士興産(株)
5010,日本精蝋(株)
5011,ニチレキ(株)
5013,ユシロ化学工業(株)
5015,ビーピー・カストロール(株)
5017,富士石油(株)
5018,(株)ＭＯＲＥＳＣＯ
5019,出光興産(株)
5020,ＪＸＴＧホールディングス(株)
5021,コスモエネルギーホールディングス(株)
5070,(株)ドラフト
5071,(株)ヴィス
5101,横浜ゴム(株)
5103,昭和ホールディングス(株)
5104,日東化工(株)
5105,ＴＯＹＯ　ＴＩＲＥ(株)
5108,(株)ブリヂストン
5110,住友ゴム工業(株)
5121,藤倉コンポジット(株)
5122,オカモト(株)
5142,アキレス(株)
5161,西川ゴム工業(株)
5162,(株)朝日ラバー
5184,(株)ニチリン
5185,(株)フコク
5186,ニッタ(株)
5187,クリエートメディック(株)
5189,櫻護謨(株)
5191,住友理工(株)
5192,三ツ星ベルト(株)
5194,相模ゴム工業(株)
5195,バンドー化学(株)
5199,不二ラテックス(株)
5201,ＡＧＣ(株)
5202,日本板硝子(株)
5204,石塚硝子(株)
5208,(株)有沢製作所
5210,日本山村硝子(株)
5212,不二硝子(株)
5214,日本電気硝子(株)
5216,(株)倉元製作所
5217,テクノクオーツ(株)
5218,(株)オハラ
5232,住友大阪セメント(株)
5233,太平洋セメント(株)
5237,(株)ノザワ
5261,リソルホールディングス(株)
5262,日本ヒューム(株)
5268,旭コンクリート工業(株)
5269,日本コンクリート工業(株)
5271,(株)トーヨーアサノ
5273,三谷セキサン(株)
5277,(株)スパンクリートコーポレーション
5279,日本興業(株)
5280,ヨシコン(株)
5282,ジオスター(株)
5283,(株)高見澤
5284,(株)ヤマウ
5285,(株)ヤマックス
5287,(株)イトーヨーギョー
5288,アジアパイルホールディングス(株)
5290,(株)ベルテクスコーポレーション
5301,東海カーボン(株)
5302,日本カーボン(株)
5304,ＳＥＣカーボン(株)
5310,東洋炭素(株)
5331,(株)ノリタケカンパニーリミテド
5332,ＴＯＴＯ(株)
5333,日本ガイシ(株)
5334,日本特殊陶業(株)
5337,ダントーホールディングス(株)
5341,アサヒ衛陶(株)
5342,ジャニス工業(株)
5343,ニッコー(株)
5344,(株)ＭＡＲＵＷＡ
5351,品川リフラクトリーズ(株)
5352,黒崎播磨(株)
5355,日本ルツボ(株)
5356,美濃窯業(株)
5357,(株)ヨータイ
5358,イソライト工業(株)
5363,(株)ＴＹＫ
5367,(株)ニッカトー
5368,日本インシュレーション(株)
5380,新東(株)
5381,Ｍｉｐｏｘ(株)
5384,(株)フジミインコーポレーテッド
5386,(株)鶴弥
5387,チヨダウーテ(株)
5388,クニミネ工業(株)
5391,(株)エーアンドエーマテリアル
5393,ニチアス(株)
5395,理研コランダム(株)
5401,日本製鉄(株)
5406,(株)神戸製鋼所
5408,(株)中山製鋼所
5410,合同製鐵(株)
5411,ジェイ　エフ　イー　ホールディングス(株)
5423,東京製鐵(株)
5440,共英製鋼(株)
5444,大和工業(株)
5445,東京鐵鋼(株)
5446,北越メタル(株)
5449,大阪製鐵(株)
5451,(株)淀川製鋼所
5458,高砂鐵工(株)
5461,中部鋼鈑(株)
5463,丸一鋼管(株)
5464,モリ工業(株)
5471,大同特殊鋼(株)
5476,日本高周波鋼業(株)
5480,日本冶金工業(株)
5481,山陽特殊製鋼(株)
5482,愛知製鋼(株)
5484,東北特殊鋼(株)
5486,日立金属(株)
5491,日本金属(株)
5541,大平洋金属(株)
5542,新報国製鉄(株)
5563,新日本電工(株)
5602,(株)栗本鐵工所
5603,虹技(株)
5607,中央可鍛工業(株)
5609,日本鋳造(株)
5610,大和重工(株)
5612,日本鋳鉄管(株)
5614,(株)川金ホールディングス
5631,(株)日本製鋼所
5632,三菱製鋼(株)
5644,(株)メタルアート
5658,日亜鋼業(株)
5659,日本精線(株)
5660,神鋼鋼線工業(株)
5690,リバーホールディングス(株)
5695,パウダーテック(株)
5697,(株)サンユウ
5698,(株)エンビプロ・ホールディングス
5699,(株)イボキン
5702,(株)大紀アルミニウム工業所
5703,日本軽金属ホールディングス(株)
5704,(株)ＪＭＣ
5706,三井金属
5707,東邦亜鉛(株)
5711,三菱マテリアル(株)
5713,住友金属鉱山(株)
5714,ＤＯＷＡホールディングス(株)
5715,古河機械金属(株)
5721,(株)エス・サイエンス
5724,(株)アサカ理研
5726,(株)大阪チタニウムテクノロジーズ
5727,東邦チタニウム(株)
5729,日本精鉱(株)
5741,(株)ＵＡＣＪ
5742,エヌアイシ・オートテック(株)
5753,日本伸銅(株)
5757,(株)ＣＫサンエツ
5781,東邦金属(株)
5801,古河電気工業(株)
5802,住友電気工業(株)
5803,(株)フジクラ
5805,昭和電線ホールディングス(株)
5807,東京特殊電線(株)
5809,タツタ電線(株)
5816,オーナンバ(株)
5817,ＪＭＡＣＳ(株)
5819,カナレ電気(株)
5820,(株)三ッ星
5821,平河ヒューテック(株)
5851,リョービ(株)
5852,(株)アーレスティ
5856,(株)エルアイイーエイチ
5857,アサヒホールディングス(株)
5900,(株)ダイケン
5901,東洋製罐グループホールディングス(株)
5902,ホッカンホールディングス(株)
5903,ＳＨＩＮＰＯ(株)
5905,日本製罐(株)
5906,エムケー精工(株)
5907,ＪＦＥコンテイナー(株)
5909,(株)コロナ
5911,(株)横河ブリッジホールディングス
5912,ＯＳＪＢホールディングス(株)
5915,(株)駒井ハルテック
5918,瀧上工業(株)
5921,川岸工業(株)
5922,那須電機鉄工(株)
5923,高田機工(株)
5928,アルメタックス(株)
5929,三和ホールディングス(株)
5930,文化シヤッター(株)
5932,三協立山(株)
5933,アルインコ(株)
5935,元旦ビューティ工業(株)
5936,東洋シヤッター(株)
5938,(株)ＬＩＸＩＬグループ
5939,(株)大谷工業
5940,不二サッシ(株)
5941,(株)中西製作所
5942,日本フイルコン(株)
5943,(株)ノーリツ
5945,天龍製鋸(株)
5946,(株)長府製作所
5947,リンナイ(株)
5949,ユニプレス(株)
5950,日本パワーファスニング(株)
5951,ダイニチ工業(株)
5952,アマテイ(株)
5953,昭和鉄工(株)
5955,(株)ヤマシナ
5956,トーソー(株)
5957,日東精工(株)
5958,三洋工業(株)
5959,岡部(株)
5962,浅香工業(株)
5964,東洋刃物(株)
5965,(株)フジマック
5966,ＫＴＣ(株)
5967,ＴＯＮＥ(株)
5969,(株)ロブテックス
5970,(株)ジーテクト
5971,(株)共和工業所
5973,(株)トーアミ
5974,中国工業(株)
5975,東プレ(株)
5976,ネツレン
5979,カネソウ(株)
5981,東京製綱(株)
5982,(株)マルゼン
5983,イワブチ(株)
5984,兼房(株)
5985,サンコール(株)
5986,モリテック　スチール(株)
5987,(株)オーネックス
5988,(株)パイオラックス
5989,(株)エイチワン
5990,(株)スーパーツール
5991,ニッパツ
5992,中央発條(株)
5993,知多鋼業(株)
5994,(株)ファインシンター
5997,協立エアテック(株)
5998,(株)アドバネクス
5999,イハラサイエンス(株)
6005,三浦工業(株)
6013,(株)タクマ
6016,(株)ジャパンエンジンコーポレーション
6018,阪神内燃機工業(株)
6022,(株)赤阪鐵工所
6023,ダイハツディーゼル(株)
6025,日本ＰＣサービス(株)
6026,ＧＭＯ　ＴＥＣＨ(株)
6027,弁護士ドットコム(株)
6028,テクノプロ・ホールディングス(株)
6029,アトラ(株)
6030,(株)アドベンチャー
6031,サイジニア(株)
6032,(株)インターワークス
6033,(株)エクストリーム
6034,ＭＲＴ(株)
6035,(株)アイ・アールジャパンホールディングス
6036,ＫｅｅＰｅｒ技研(株)
6037,(株)ファーストロジック
6038,(株)イード
6039,(株)日本動物高度医療センター
6040,日本スキー場開発(株)
6042,(株)ニッキ
6044,(株)三機サービス
6045,(株)レントラックス
6046,(株)リンクバル
6047,(株)Ｇｕｎｏｓｙ
6048,(株)デザインワン・ジャパン
6049,(株)イトクロ
6050,イー・ガーディアン(株)
6054,(株)リブセンス
6055,ジャパンマテリアル(株)
6058,(株)ベクトル
6059,(株)ウチヤマホールディングス
6060,こころネット(株)
6061,(株)ユニバーサル園芸社
6062,(株)チャーム・ケア・コーポレーション
6063,日本エマージェンシーアシスタンス(株)
6064,(株)アクトコール
6065,ライクキッズ(株)
6067,インパクトホールディングス(株)
6069,トレンダーズ(株)
6070,キャリアリンク(株)
6071,(株)ＩＢＪ
6072,地盤ネットホールディングス(株)
6073,(株)アサンテ
6074,(株)ジェイエスエス
6076,(株)アメイズ
6077,(株)Ｎ・フィールド
6078,(株)バリューＨＲ
6080,Ｍ＆Ａキャピタルパートナーズ(株)
6081,アライドアーキテクツ(株)
6082,(株)ライドオンエクスプレスホールディングス
6083,ＥＲＩホールディングス(株)
6085,アーキテクツ・スタジオ・ジャパン(株)
6086,シンメンテホールディングス(株)
6087,(株)アビスト
6088,(株)シグマクシス
6089,(株)ウィルグループ
6090,ヒューマン・メタボローム・テクノロジーズ(株)
6091,(株)ウエスコホールディングス
6092,(株)エンバイオ・ホールディングス
6093,(株)エスクロー・エージェント・ジャパン
6094,(株)フリークアウト・ホールディングス
6095,メドピア(株)
6096,(株)レアジョブ
6098,(株)リクルートホールディングス
6099,(株)エラン
6101,(株)ツガミ
6103,オークマ(株)
6104,芝浦機械(株)
6111,旭精機工業(株)
6112,(株)小島鐵工所
6113,(株)アマダ
6118,アイダエンジニアリング(株)
6121,(株)滝澤鉄工所
6125,(株)岡本工作機械製作所
6131,浜井産業(株)
6134,(株)ＦＵＪＩ
6135,(株)牧野フライス製作所
6136,ＯＳＧ
6137,小池酸素工業(株)
6138,ダイジェット工業(株)
6140,旭ダイヤモンド工業(株)
6141,ＤＭＧ森精機(株)
6142,富士精工(株)
6143,(株)ソディック
6144,西部電機(株)
6145,ＮＩＴＴＯＫＵ(株)
6146,(株)ディスコ
6147,(株)ヤマザキ
6149,(株)小田原エンジニアリング
6150,タケダ機械(株)
6151,日東工器(株)
6155,高松機械工業(株)
6156,(株)エーワン精密
6157,日進工具(株)
6158,(株)和井田製作所
6159,ミクロン精密(株)
6161,(株)エスティック
6164,(株)太陽工機
6165,パンチ工業(株)
6166,(株)中村超硬
6167,冨士ダイス(株)
6171,(株)土木管理総合試験所
6172,(株)メタップス
6173,(株)アクアライン
6175,(株)ネットマーケティング
6176,(株)ブランジスタ
6177,ＡｐｐＢａｎｋ(株)
6178,日本郵政(株)
6180,ＧＭＯメディア(株)
6181,(株)パートナーエージェント
6182,(株)ロゼッタ
6183,(株)ベルシステム２４ホールディングス
6184,(株)鎌倉新書
6185,ＳＭＮ(株)
6186,(株)一蔵
6187,(株)ＬＩＴＡＬＩＣＯ
6188,富士ソフトサービスビューロ(株)
6189,(株)グローバルキッズＣＯＭＰＡＮＹ
6190,(株)フェニックスバイオ
6191,(株)エアトリ
6192,ハイアス・アンド・カンパニー(株)
6193,バーチャレクス・ホールディングス(株)
6194,(株)アトラエ
6195,(株)ホープ
6196,(株)ストライク
6197,(株)ソラスト
6198,(株)キャリア
6199,(株)セラク
6200,(株)インソース
6201,(株)豊田自動織機
6203,豊和工業(株)
6205,ＯＫＫ(株)
6208,(株)石川製作所
6210,東洋機械金属(株)
6217,津田駒工業(株)
6218,エンシュウ(株)
6222,(株)島精機製作所
6231,木村工機(株)
6232,(株)自律制御システム研究所
6233,極東産機(株)
6235,(株)オプトラン
6236,ＮＣホールディングス(株)
6237,(株)イワキ
6238,フリュー(株)
6239,(株)ナガオカ
6240,ヤマシンフィルタ(株)
6245,(株)ヒラノテクシード
6246,(株)テクノスマート
6247,(株)日阪製作所
6248,(株)横田製作所
6249,(株)ゲームカード・ジョイコホールディングス
6250,(株)やまびこ
6254,野村マイクロ・サイエンス(株)
6255,(株)エヌ・ピー・シー
6257,(株)藤商事
6258,平田機工(株)
6262,ペガサスミシン製造(株)
6264,(株)マルマエ
6265,(株)妙徳
6266,タツモ(株)
6267,ゼネラルパッカー(株)
6268,ナブテスコ(株)
6269,三井海洋開発(株)
6271,(株)ニッセイ
6272,レオン自動機(株)
6273,ＳＭＣ(株)
6274,ヤマハモーターロボティクスホールディングス(株)
6276,ナビタス(株)
6277,ホソカワミクロン(株)
6278,ユニオンツール(株)
6279,(株)瑞光
6281,(株)前田製作所
6282,オイレス工業(株)
6284,日精エー・エス・ビー機械(株)
6286,靜甲(株)
6287,サトーホールディングス(株)
6289,(株)技研製作所
6291,日本エアーテック(株)
6292,(株)カワタ
6293,日精樹脂工業(株)
6294,オカダアイヨン(株)
6295,富士変速機(株)
6297,鉱研工業(株)
6298,ワイエイシイホールディングス(株)
6299,(株)神鋼環境ソリューション
6301,コマツ
6302,住友重機械工業(株)
6303,(株)ササクラ
6305,日立建機(株)
6306,日工(株)
6307,サンセイ(株)
6309,巴工業(株)
6310,井関農機(株)
6312,フロイント産業(株)
6315,ＴＯＷＡ(株)
6316,(株)丸山製作所
6317,(株)北川鉄工所
6319,(株)シンニッタン
6322,(株)タクミナ
6323,ローツェ(株)
6324,(株)ハーモニック・ドライブ・システムズ
6325,(株)タカキタ
6326,(株)クボタ
6327,北川精機(株)
6328,荏原実業(株)
6330,東洋エンジニアリング(株)
6331,三菱化工機(株)
6332,月島機械(株)
6333,(株)帝国電機製作所
6334,明治機械(株)
6335,(株)東京機械製作所
6336,(株)石井表記
6337,(株)テセック
6338,(株)タカトリ
6339,新東工業(株)
6340,澁谷工業(株)
6342,(株)太平製作所
6343,フリージア・マクロス(株)
6345,(株)アイチコーポレーション
6346,キクカワエンタープライズ(株)
6347,(株)プラコー
6349,(株)小森コーポレーション
6351,(株)鶴見製作所
6355,住友精密工業(株)
6356,日本ギア工業(株)
6357,三精テクノロジーズ(株)
6358,酒井重工業(株)
6360,(株)東京自働機械製作所
6361,荏原
6362,(株)石井鐵工所
6363,(株)酉島製作所
6364,北越工業(株)
6365,(株)電業社機械製作所
6366,千代田化工建設(株)
6367,ダイキン工業(株)
6368,オルガノ(株)
6369,トーヨーカネツ(株)
6370,栗田工業(株)
6371,(株)椿本チエイン
6373,大同工業(株)
6376,日機装(株)
6378,木村化工機(株)
6379,レイズネクスト(株)
6380,オリエンタルチエン工業(株)
6381,アネスト岩田(株)
6382,トリニティ工業(株)
6383,(株)ダイフク
6384,(株)昭和真空
6387,サムコ(株)
6390,(株)加藤製作所
6391,(株)加地テック
6392,(株)ヤマダコーポレーション
6393,油研工業(株)
6395,(株)タダノ
6396,(株)宇野澤組鐵工所
6400,不二精機(株)
6402,兼松エンジニアリング(株)
6403,水道機工(株)
6405,鈴茂器工(株)
6406,フジテック(株)
6407,ＣＫＤ(株)
6408,小倉クラッチ(株)
6409,(株)キトー
6411,中野冷機(株)
6412,(株)平和
6413,理想科学工業(株)
6414,川重冷熱工業(株)
6416,桂川電機(株)
6417,(株)ＳＡＮＫＹＯ
6418,日本金銭機械(株)
6419,(株)マースグループホールディングス
6420,フクシマガリレイ(株)
6424,(株)高見沢サイバネティックス
6425,(株)ユニバーサルエンターテインメント
6428,(株)オーイズミ
6430,ダイコク電機(株)
6432,(株)竹内製作所
6433,ヒーハイスト精工(株)
6436,アマノ(株)
6439,中日本鋳工(株)
6440,ＪＵＫＩ(株)
6444,サンデンホールディングス(株)
6445,蛇の目ミシン工業(株)
6448,ブラザー工業(株)
6454,マックス(株)
6455,(株)モリタホールディングス
6457,グローリー(株)
6458,新晃工業(株)
6459,大和冷機工業(株)
6460,セガサミーホールディングス(株)
6461,日本ピストンリング(株)
6462,(株)リケン
6463,ＴＰＲ(株)
6464,(株)ツバキ・ナカシマ
6465,ホシザキ(株)
6466,東亜バルブエンジニアリング(株)
6467,(株)ニチダイ
6469,(株)放電精密加工研究所
6470,大豊工業(株)
6471,日本精工(株)
6472,ＮＴＮ(株)
6473,(株)ジェイテクト
6474,(株)不二越
6479,ミネベアミツミ(株)
6480,日本トムソン(株)
6481,ＴＨＫ(株)
6482,(株)ユーシン精機
6484,(株)ＫＶＫ
6485,前澤給装工業(株)
6486,イーグル工業(株)
6488,(株)ヨシタケ
6489,前澤工業(株)
6490,日本ピラー工業(株)
6492,岡野バルブ製造(株)
6493,日鍛バルブ(株)
6494,(株)ＮＦＫホールディングス
6495,(株)宮入バルブ製作所
6496,(株)中北製作所
6497,(株)ハマイ
6498,(株)キッツ
6501,(株)日立製作所
6502,(株)東芝
6503,三菱電機(株)
6504,富士電機(株)
6505,東洋電機製造(株)
6506,(株)安川電機
6507,シンフォニアテクノロジー(株)
6508,(株)明電舎
6513,(株)オリジン
6516,山洋電気(株)
6517,デンヨー(株)
6518,三相電機(株)
6531,リファインバース(株)
6532,(株)ベイカレント・コンサルティング
6533,(株)Ｏｒｃｈｅｓｔｒａ　Ｈｏｌｄｉｎｇｓ
6535,(株)アイモバイル
6537,ＷＡＳＨハウス(株)
6538,(株)キャリアインデックス
6539,(株)ＭＳ−Ｊａｐａｎ
6540,(株)船場
6541,グレイステクノロジー(株)
6542,(株)ＦＣホールディングス
6543,(株)日宣
6544,ジャパンエレベーターサービスホールディングス(株)
6545,(株)インターネットインフィニティー
6546,フルテック(株)
6547,(株)グリーンズ
6548,(株)旅工房
6549,ディーエムソリューションズ(株)
6550,Ｆｒｉｎｇｅ８１(株)
6551,(株)ツナググループ・ホールディングス
6552,(株)ＧａｍｅＷｉｔｈ
6553,ソウルドアウト(株)
6554,(株)エスユーエス
6555,(株)ＭＳ＆Ｃｏｎｓｕｌｔｉｎｇ
6556,ウェルビー(株)
6557,(株)ｇｌｏｂａｌ　ｂｒｉｄｇｅ　ＨＯＬＤＩＮＧＳ
6558,クックビズ(株)
6560,(株)エル・ティー・エス
6561,(株)ＨＡＮＡＴＯＵＲ　ＪＡＰＡＮ
6562,(株)ジーニー
6563,(株)みらいワークス
6564,(株)ミダック
6565,ＡＢホテル(株)
6566,(株)要興業
6567,(株)ＳＥＲＩＯホールディングス
6568,神戸天然物化学(株)
6569,日総工産(株)
6570,(株)共和コーポレーション
6571,キュービーネットホールディングス(株)
6572,ＲＰＡホールディングス(株)
6573,アジャイルメディア・ネットワーク(株)
6574,(株)コンヴァノ
6575,ヒューマン・アソシエイツ・ホールディングス(株)
6577,(株)ベストワンドットコム
6578,(株)エヌリンクス
6579,ログリー(株)
6580,(株)ライトアップ
6584,三桜工業(株)
6586,(株)マキタ
6588,東芝テック(株)
6590,芝浦メカトロニクス(株)
6592,マブチモーター(株)
6594,日本電産(株)
6597,ＨＰＣシステムズ(株)
6615,ユー・エム・シー・エレクトロニクス(株)
6616,トレックス・セミコンダクター(株)
6617,(株)東光高岳
6618,(株)大泉製作所
6619,ダブル・スコープ(株)
6620,宮越ホールディングス(株)
6622,(株)ダイヘン
6623,愛知電機(株)
6625,ＪＡＬＣＯホールディングス(株)
6626,ＳＥＭＩＴＥＣ(株)
6627,(株)テラプローブ
6628,オンキヨー(株)
6629,テクノホライゾン・ホールディングス(株)
6630,ヤーマン(株)
6632,(株)ＪＶＣケンウッド
6633,(株)Ｃ＆Ｇシステムズ
6634,(株)ネクスグループ
6635,(株)大日光・エンジニアリング
6637,寺崎電気産業(株)
6638,(株)ミマキエンジニアリング
6639,(株)コンテック
6640,第一精工(株)
6641,日新電機(株)
6643,(株)戸上電機製作所
6644,大崎電気工業(株)
6645,オムロン(株)
6647,森尾電機(株)
6648,(株)かわでん
6651,日東工業(株)
6652,ＩＤＥＣ(株)
6653,(株)正興電機製作所
6654,不二電機工業(株)
6655,東洋電機(株)
6656,インスペック(株)
6658,シライ電子工業(株)
6659,(株)メディアリンクス
6662,(株)ユビテック
6663,太洋工業(株)
6664,(株)オプトエレクトロニクス
6666,リバーエレテック(株)
6668,(株)アドテック　プラズマ　テクノロジー
6670,(株)ＭＣＪ
6674,(株)ジーエス・ユアサ　コーポレーション
6675,サクサホールディングス(株)
6676,(株)メルコホールディングス
6677,(株)エスケーエレクトロニクス
6678,(株)テクノメディカ
6694,(株)ズーム
6696,(株)ピースリー
6697,テックポイント
6698,ヴィスコ・テクノロジーズ(株)
6699,ダイヤモンドエレクトリックホールディングス(株)
6701,ＮＥＣ
6702,富士通(株)
6703,ＯＫＩ
6704,岩崎通信機(株)
6706,電気興業(株)
6707,サンケン電気(株)
6709,明星電気(株)
6715,(株)ナカヨ
6718,アイホン(株)
6721,ウインテスト(株)
6722,(株)エイアンドティー
6723,ルネサスエレクトロニクス(株)
6724,セイコーエプソン(株)
6727,(株)ワコム
6728,(株)アルバック
6730,(株)アクセル
6731,(株)ピクセラ
6734,(株)ニューテック
6736,サン電子(株)
6737,ＥＩＺＯ(株)
6740,(株)ジャパンディスプレイ
6741,日本信号(株)
6742,(株)京三製作所
6743,大同信号(株)
6744,能美防災(株)
6745,ホーチキ(株)
6748,星和電機(株)
6750,エレコム(株)
6752,パナソニック(株)
6753,シャープ(株)
6754,アンリツ(株)
6755,(株)富士通ゼネラル
6757,(株)ＯＳＧコーポレーション
6758,ソニー(株)
6762,ＴＤＫ(株)
6763,帝国通信工業(株)
6768,(株)タムラ製作所
6769,ザインエレクトロニクス(株)
6770,アルプスアルパイン(株)
6771,池上通信機(株)
6772,東京コスモス電機(株)
6775,(株)ＴＢグループ
6776,天昇電気工業(株)
6777,ｓａｎｔｅｃ(株)
6778,(株)アルチザネットワークス
6779,日本電波工業(株)
6785,(株)鈴木
6786,(株)ＲＶＨ
6787,(株)メイコー
6788,(株)日本トリム
6789,ローランド　ディー．ジー．(株)
6794,フォスター電機(株)
6797,名古屋電機工業(株)
6798,ＳＭＫ(株)
6800,(株)ヨコオ
6803,ティアック(株)
6804,ホシデン(株)
6806,ヒロセ電機(株)
6807,日本航空電子工業(株)
6809,ＴＯＡ(株)
6810,マクセルホールディングス(株)
6814,古野電気(株)
6815,ユニデンホールディングス(株)
6817,スミダコーポレーション(株)
6819,伊豆シャボテンリゾート(株)
6820,アイコム(株)
6822,大井電気(株)
6823,リオン(株)
6824,新コスモス電機(株)
6826,本多通信工業(株)
6832,アオイ電子(株)
6834,(株)精工技研
6835,アライドテレシスホールディングス(株)
6836,ぷらっとホーム(株)
6837,(株)京写
6838,(株)多摩川ホールディングス
6839,船井電機(株)
6840,(株)ＡＫＩＢＡホールディングス
6841,横河電機(株)
6844,新電元工業(株)
6845,アズビル(株)
6846,(株)中央製作所
6848,東亜ディーケーケー(株)
6849,日本光電
6850,(株)チノー
6852,(株)テクノ・セブン
6853,(株)共和電業
6855,日本電子材料(株)
6856,(株)堀場製作所
6857,(株)アドバンテスト
6858,(株)小野測器
6859,エスペック(株)
6861,(株)キーエンス
6862,ミナトホールディングス(株)
6863,(株)ニレコ
6864,(株)エヌエフ回路設計ブロック
6866,ＨＩＯＫＩ(株)
6867,リーダー電子(株)
6869,シスメックス(株)
6870,日本フェンオール(株)
6871,(株)日本マイクロニクス
6874,協立電機(株)
6875,(株)メガチップス
6877,ＯＢＡＲＡ　ＧＲＯＵＰ(株)
6879,(株)ＩＭＡＧＩＣＡ　ＧＲＯＵＰ
6881,(株)キョウデン
6882,(株)三社電機製作所
6888,アクモス(株)
6889,オーデリック(株)
6890,(株)フェローテックホールディングス
6894,パルステック工業(株)
6897,ツインバード工業(株)
6898,トミタ電機(株)
6899,ＡＳＴＩ(株)
6901,澤藤電機(株)
6902,(株)デンソー
6904,原田工業(株)
6905,コーセル(株)
6907,ジオマテック(株)
6908,イリソ電子工業(株)
6912,菊水電子工業(株)
6914,オプテックスグループ(株)
6915,千代田インテグレ(株)
6916,(株)アイ・オー・データ機器
6918,(株)アバールデータ
6919,ケル(株)
6920,レーザーテック(株)
6923,スタンレー電気(株)
6924,岩崎電気(株)
6925,ウシオ電機(株)
6926,岡谷電機産業(株)
6927,ヘリオス　テクノ　ホールディング(株)
6928,(株)エノモト
6929,日本セラミック(株)
6930,日本アンテナ(株)
6932,(株)遠藤照明
6937,古河電池(株)
6938,双信電機(株)
6941,山一電機(株)
6942,(株)ソフィアホールディングス
6943,ＮＫＫスイッチズ(株)
6944,(株)アイレックス
6945,富士通フロンテック(株)
6946,日本アビオニクス(株)
6947,(株)図研
6951,日本電子(株)
6952,カシオ計算機(株)
6954,ファナック(株)
6955,ＦＤＫ(株)
6957,(株)芝浦電子
6958,日本ＣＭＫ(株)
6960,フクダ電子(株)
6961,(株)エンプラス
6962,(株)大真空
6963,ローム(株)
6964,(株)サンコー
6965,浜松ホトニクス(株)
6966,(株)三井ハイテック
6967,新光電気工業(株)
6969,松尾電機(株)
6971,京セラ(株)
6973,協栄産業(株)
6976,太陽誘電(株)
6977,(株)日本抵抗器製作所
6981,(株)村田製作所
6982,(株)リード
6986,双葉電子工業(株)
6988,日東電工(株)
6989,北陸電気工業(株)
6993,大黒屋ホールディングス(株)
6994,(株)指月電機製作所
6995,(株)東海理化
6996,ニチコン(株)
6997,日本ケミコン(株)
6998,日本タングステン(株)
6999,ＫＯＡ(株)
7003,(株)三井Ｅ＆Ｓホールディングス
7004,日立造船(株)
7011,三菱重工業(株)
7012,川崎重工業(株)
7013,(株)ＩＨＩ
7014,(株)名村造船所
7018,内海造船(株)
7021,(株)ニッチツ
7022,サノヤスホールディングス(株)
7030,(株)スプリックス
7033,(株)マネジメントソリューションズ
7034,(株)プロレド・パートナーズ
7035,ａｎｄ　ｆａｃｔｏｒｙ(株)
7036,(株)イーエムネットジャパン
7037,(株)テノ．ホールディングス
7038,フロンティア・マネジメント(株)
7039,ブリッジインターナショナル(株)
7040,(株)サン・ライフホールディング
7041,ＣＲＧホールディングス(株)
7042,(株)アクセスグループ・ホールディングス
7043,アルー(株)
7044,(株)ピアラ
7045,(株)ツクイスタッフ
7046,テクノスデータサイエンス・エンジニアリング(株)
7047,ポート(株)
7048,ベルトラ(株)
7049,(株)識学
7050,(株)フロンティアインターナショナル
7057,(株)エヌ・シー・エヌ
7058,共栄セキュリティーサービス(株)
7059,(株)コプロ・ホールディングス
7060,ギークス(株)
7061,日本ホスピスホールディングス(株)
7062,(株)フレアス
7063,(株)エードット
7064,(株)ハウテレビジョン
7065,ユーピーアール(株)
7066,(株)ピアズ
7067,ブランディングテクノロジー(株)
7068,(株)フィードフォース
7069,(株)サイバー・バズ
7070,ＳＩホールディングス(株)
7071,(株)アンビスホールディングス
7072,(株)インティメート・マージャー
7073,(株)ジェイック
7074,(株)トゥエンティーフォーセブン
7076,名南Ｍ＆Ａ(株)
7077,(株)ＡＬｉＮＫインターネット
7078,ＩＮＣＬＵＳＩＶＥ(株)
7079,ＷＤＢココ(株)
7080,(株)スポーツフィールド
7081,コーユーレンティア(株)
7082,(株)ジモティー
7083,ＡＨＣグループ(株)
7084,(株)Ｋｉｄｓ　Ｓｍｉｌｅ　Ｈｏｌｄｉｎｇｓ
7085,(株)カーブスホールディングス
7086,(株)きずなホールディングス
7087,(株)ウイルテック
7088,(株)フォーラムエンジニアリング
7089,フォースタートアップス(株)
7090,(株)リグア
7091,(株)リビングプラットフォーム
7093,アディッシュ(株)
7094,(株)ＮｅｘＴｏｎｅ
7095,(株)Ｍａｃｂｅｅ　Ｐｌａｎｅｔ
7102,日本車輌製造(株)
7105,三菱ロジスネクスト(株)
7122,近畿車輛(株)
7148,(株)ＦＰＧ
7150,(株)島根銀行
7157,ライフネット生命保険(株)
7161,(株)じもとホールディングス
7162,アストマックス(株)
7164,全国保証(株)
7167,(株)めぶきフィナンシャルグループ
7169,(株)ＮＦＣホールディングス
7172,(株)ジャパンインベストメントアドバイザー
7173,(株)東京きらぼしフィナンシャルグループ
7175,今村証券(株)
7177,ＧＭＯフィナンシャルホールディングス(株)
7180,(株)九州フィナンシャルグループ
7181,(株)かんぽ生命保険
7182,(株)ゆうちょ銀行
7183,あんしん保証(株)
7184,(株)富山第一銀行
7185,ヒロセ通商(株)
7186,(株)コンコルディア・フィナンシャルグループ
7187,ジェイリース(株)
7189,(株)西日本フィナンシャルホールディングス
7190,(株)マーキュリアインベストメント
7191,(株)イントラスト
7192,日本モーゲージサービス(株)
7196,(株)Ｃａｓａ
7198,アルヒ(株)
7199,プレミアグループ(株)
7201,日産自動車(株)
7202,いすゞ自動車(株)
7203,トヨタ自動車(株)
7205,日野自動車(株)
7208,(株)カネミツ
7211,三菱自動車(株)
7212,(株)エフテック
7213,レシップホールディングス(株)
7214,ＧＭＢ(株)
7215,(株)ファルテック
7217,(株)テイン
7218,田中精密工業(株)
7219,(株)エッチ・ケー・エス
7220,武蔵精密工業(株)
7222,日産車体(株)
7224,新明和工業(株)
7226,極東開発工業(株)
7227,アスカ(株)
7228,(株)デイトナ
7229,(株)ユタカ技研
7230,日信工業(株)
7231,トピー工業(株)
7235,東京ラヂエーター製造(株)
7236,(株)ティラド
7238,曙ブレーキ工業(株)
7239,(株)タチエス
7240,ＮＯＫ(株)
7241,フタバ産業(株)
7242,ＫＹＢ(株)
7244,市光工業(株)
7245,大同メタル工業(株)
7246,プレス工業(株)
7247,(株)ミクニ
7249,尾張精機(株)
7250,太平洋工業(株)
7251,(株)ケーヒン
7254,(株)ユニバンス
7255,(株)桜井製作所
7256,河西工業(株)
7259,アイシン精機(株)
7261,マツダ(株)
7264,(株)ムロコーポレーション
7265,エイケン工業(株)
7266,(株)今仙電機製作所
7267,ホンダ
7268,(株)タツミ
7269,スズキ(株)
7270,(株)ＳＵＢＡＲＵ
7271,(株)安永
7272,ヤマハ発動機(株)
7273,(株)イクヨ
7274,(株)ショーワ
7276,(株)小糸製作所
7277,(株)ＴＢＫ
7278,(株)エクセディ
7279,(株)ハイレックスコーポレーション
7280,(株)ミツバ
7282,豊田合成(株)
7283,愛三工業(株)
7284,盟和産業(株)
7287,日本精機(株)
7291,日本プラスト(株)
7292,(株)村上開明堂
7294,(株)ヨロズ
7296,(株)エフ・シー・シー
7297,(株)カーメイト
7298,八千代工業(株)
7299,フジオーゼックス(株)
7305,新家工業(株)
7309,(株)シマノ
7313,テイ・エス　テック(株)
7314,(株)小田原機器
7315,(株)ＩＪＴＴ
7317,(株)松屋アールアンドディ
7320,日本リビング保証(株)
7321,(株)関西みらいフィナンシャルグループ
7322,(株)三十三フィナンシャルグループ
7323,アイペット損害保険(株)
7325,(株)アイリックコーポレーション
7326,ＳＢＩインシュアランスグループ(株)
7327,(株)第四北越フィナンシャルグループ
7399,(株)ナンシン
7408,(株)ジャムコ
7412,(株)アトム
7413,(株)創健社
7414,小野建(株)
7416,(株)はるやまホールディングス
7417,(株)南陽
7419,(株)ノジマ
7420,佐鳥電機(株)
7421,カッパ・クリエイト(株)
7422,東邦レマック(株)
7425,初穂商事(株)
7426,(株)山大
7427,エコートレーディング(株)
7433,伯東(株)
7434,(株)オータケ
7435,(株)ナ・デックス
7438,コンドーテック(株)
7441,(株)Ｍｉｓｕｍｉ
7442,中山福(株)
7443,横浜魚類(株)
7444,ハリマ共和物産(株)
7445,(株)ライトオン
7446,東北化学薬品(株)
7447,ナガイレーベン(株)
7448,(株)ジーンズメイト
7450,(株)サンデー
7451,三菱食品(株)
7453,(株)良品計画
7455,(株)三城ホールディングス
7456,松田産業(株)
7458,(株)第一興商
7459,(株)メディパルホールディングス
7460,(株)ヤギ
7461,(株)キムラ
7462,ダイヤ通商(株)
7463,(株)アドヴァン
7464,セフテック(株)
7466,ＳＰＫ(株)
7467,萩原電気ホールディングス(株)
7472,(株)鳥羽洋行
7475,アルビス(株)
7476,アズワン(株)
7477,ムラキ(株)
7480,スズデン(株)
7481,尾家産業(株)
7482,(株)シモジマ
7483,(株)ドウシシャ
7485,岡谷鋼機(株)
7486,サンリン(株)
7487,小津産業(株)
7488,(株)ヤガミ
7490,日新商事(株)
7494,(株)コナカ
7500,西川計測(株)
7501,(株)ティムコ
7502,(株)プラザクリエイト本社
7504,(株)高速
7505,扶桑電通(株)
7506,(株)ハウス　オブ　ローゼ
7508,(株)Ｇ−７ホールディングス
7509,アイエーグループ(株)
7510,(株)たけびし
7512,イオン北海道(株)
7513,(株)コジマ
7514,(株)ヒマラヤ
7515,(株)マルヨシセンター
7516,コーナン商事(株)
7518,ネットワンシステムズ(株)
7519,五洋インテックス(株)
7520,(株)エコス
7521,(株)ムサシ
7522,ワタミ(株)
7523,アールビバン(株)
7524,マルシェ(株)
7525,リックス(株)
7527,(株)システムソフト
7531,清和中央ホールディングス(株)
7532,(株)パン・パシフィック・インターナショナルホールディングス
7533,(株)グリーンクロス
7537,丸文(株)
7538,(株)大水
7539,(株)アイナボホールディングス
7544,(株)スリーエフ
7545,(株)西松屋チェーン
7550,(株)ゼンショーホールディングス
7551,(株)ウェッズ
7552,(株)ハピネット
7554,(株)幸楽苑ホールディングス
7555,(株)大田花き
7559,ジーエフシー(株)
7561,(株)ハークスレイ
7562,(株)安楽亭
7564,(株)ワークマン
7565,萬世電機(株)
7567,(株)栄電子
7570,橋本総業ホールディングス(株)
7571,(株)ヤマノホールディングス
7575,日本ライフライン(株)
7577,(株)ＨＡＰｉＮＳ
7578,(株)ニチリョク
7581,(株)サイゼリヤ
7585,(株)かんなん丸
7587,(株)ＰＡＬＴＥＫ
7590,(株)タカショー
7593,ＶＴホールディングス(株)
7594,(株)マルカ
7595,(株)アルゴグラフィックス
7596,(株)魚力
7597,東京貴宝(株)
7599,(株)ＩＤＯＭ
7600,(株)日本エム・ディ・エム
7601,(株)ポプラ
7602,(株)カーチスホールディングス
7603,(株)マックハウス
7604,(株)梅の花
7605,(株)フジ・コーポレーション
7606,(株)ユナイテッドアローズ
7607,(株)進和
7608,(株)エスケイジャパン
7609,ダイトロン(株)
7610,(株)テイツー
7611,(株)ハイデイ日高
7612,(株)Ｎｕｔｓ
7613,シークス(株)
7614,(株)オーエムツーネットワーク
7615,京都きもの友禅(株)
7616,(株)コロワイド
7618,(株)ピーシーデポコーポレーション
7619,田中商事(株)
7621,(株)うかい
7623,(株)サンオータス
7624,(株)ＮａＩＴＯ
7625,(株)グローバルダイニング
7628,(株)オーハシテクニカ
7630,(株)壱番屋
7634,(株)星医療酸器
7635,杉田エース(株)
7636,(株)ハンズマン
7637,白銅(株)
7638,(株)ＮＥＷ　ＡＲＴ　ＨＯＬＤＩＮＧＳ
7640,(株)トップカルチャー
7643,(株)ダイイチ
7646,(株)ＰＬＡＮＴ
7647,(株)音通
7649,スギホールディングス(株)
7670,オーウエル(株)
7671,(株)ＡｍｉｄＡホールディングス
7673,ダイコー通産(株)
7674,(株)ＮＡＴＴＹ　ＳＷＡＮＫＹ
7675,セントラルフォレストグループ(株)
7676,(株)グッドスピード
7677,(株)ヤシマキザイ
7678,(株)あさくま
7679,(株)薬王堂ホールディングス
7681,(株)レオクラン
7682,(株)浜木綿
7683,(株)ダブルエー
7685,(株)ＢｕｙＳｅｌｌ　Ｔｅｃｈｎｏｌｏｇｉｅｓ
7686,(株)カクヤス
7687,(株)ミクリード
7688,ミアヘルサ(株)
7701,(株)島津製作所
7702,(株)ＪＭＳ
7703,川澄化学工業(株)
7705,ジーエルサイエンス(株)
7707,プレシジョン・システム・サイエンス(株)
7709,クボテック(株)
7711,助川電気工業(株)
7713,シグマ光機(株)
7715,長野計器(株)
7716,(株)ナカニシ
7717,(株)ブイ・テクノロジー
7718,スター精密(株)
7719,(株)東京衡機
7721,東京計器(株)
7722,国際計測器(株)
7723,愛知時計電機(株)
7725,(株)インターアクション
7726,黒田精工(株)
7727,(株)オーバル
7729,(株)東京精密
7730,マニー(株)
7731,(株)ニコン
7732,(株)トプコン
7733,オリンパス(株)
7734,理研計器(株)
7735,(株)ＳＣＲＥＥＮホールディングス
7739,キヤノン電子(株)
7740,(株)タムロン
7741,ＨＯＹＡ(株)
7743,(株)シード
7744,ノーリツ鋼機(株)
7745,(株)エー・アンド・デイ
7746,岡本硝子(株)
7747,朝日インテック(株)
7748,(株)ホロン
7749,メディキット(株)
7751,キヤノン(株)
7752,(株)リコー
7758,(株)セコニック
7760,ＩＭＶ(株)
7762,シチズン時計(株)
7768,ジェコー(株)
7769,リズム時計工業(株)
7771,日本精密(株)
7774,(株)ジャパン・ティッシュ・エンジニアリング
7775,大研医器(株)
7776,(株)セルシード
7777,(株)スリー・ディー・マトリックス
7779,ＣＹＢＥＲＤＹＮＥ(株)
7780,(株)メニコン
7781,(株)平山ホールディングス
7782,(株)シンシア
7800,(株)アミファ
7803,(株)ブシロード
7804,(株)ビーアンドピー
7805,プリントネット(株)
7806,(株)ＭＴＧ
7807,(株)幸和製作所
7808,(株)シー・エス・ランバー
7809,(株)壽屋
7810,(株)クロスフォー
7811,中本パックス(株)
7812,(株)クレステック
7813,(株)プラッツ
7814,(株)日本創発グループ
7815,東京ボード工業(株)
7816,(株)スノーピーク
7817,パラマウントベッドホールディングス(株)
7818,(株)トランザクション
7819,粧美堂(株)
7820,ニホンフラッシュ(株)
7821,前田工繊(株)
7822,永大産業(株)
7823,(株)アートネイチャー
7826,(株)フルヤ金属
7827,(株)オービス
7829,(株)サマンサタバサジャパンリミテッド
7831,(株)ウイルコホールディングス
7832,(株)バンダイナムコホールディングス
7833,(株)アイフィスジャパン
7836,アビックス(株)
7837,(株)アールシーコア
7838,共立印刷(株)
7839,(株)ＳＨＯＥＩ
7840,フランスベッドホールディングス(株)
7841,(株)遠藤製作所
7844,(株)マーベラス
7846,(株)パイロットコーポレーション
7847,(株)グラファイトデザイン
7849,スターツ出版(株)
7850,総合商研(株)
7851,カワセコンピュータサプライ(株)
7855,カーディナル(株)
7856,萩原工業(株)
7857,セキ(株)
7859,(株)アルメディオ
7860,エイベックス(株)
7862,トッパン・フォームズ(株)
7863,(株)平賀
7864,(株)フジシールインターナショナル
7865,ピープル(株)
7867,(株)タカラトミー
7868,(株)廣済堂
7869,日本フォームサービス(株)
7870,福島印刷(株)
7871,フクビ化学工業(株)
7872,エステールホールディングス(株)
7873,(株)アーク
7874,レック(株)
7875,竹田印刷(株)
7877,永大化工(株)
7878,(株)光・彩
7879,(株)ノダ
7883,サンメッセ(株)
7885,タカノ(株)
7886,ヤマト・インダストリー(株)
7887,南海プライウッド(株)
7888,三光合成(株)
7891,日本ユピカ(株)
7893,(株)プロネクサス
7894,丸東産業(株)
7895,中央化学(株)
7896,セブン工業(株)
7897,ホクシン(株)
7898,(株)ウッドワン
7899,ＭＩＣＳ化学(株)
7901,(株)マツモト
7902,(株)ソノコム
7903,名古屋木材(株)
7905,大建工業(株)
7906,ヨネックス(株)
7908,ＫＩＭＯＴＯ
7911,凸版印刷(株)
7912,大日本印刷(株)
7914,共同印刷(株)
7915,ＮＩＳＳＨＡ(株)
7916,光村印刷(株)
7917,藤森工業(株)
7918,(株)ヴィア・ホールディングス
7919,野崎印刷紙業(株)
7921,(株)ＴＡＫＡＲＡ　＆　ＣＯＭＰＡＮＹ
7922,三光産業(株)
7923,トーイン(株)
7925,前澤化成工業(株)
7927,ムトー精工(株)
7928,旭化学工業(株)
7931,未来工業(株)
7932,(株)ニッピ
7936,(株)アシックス
7937,(株)ツツミ
7938,(株)リーガルコーポレーション
7939,(株)研創
7940,ウェーブロックホールディングス(株)
7942,(株)ＪＳＰ
7943,ニチハ(株)
7945,コマニー(株)
7946,(株)光陽社
7947,(株)エフピコ
7949,小松ウオール工業(株)
7950,日本デコラックス(株)
7951,ヤマハ(株)
7952,(株)河合楽器製作所
7953,菊水化学工業(株)
7955,クリナップ(株)
7956,ピジョン(株)
7957,フジコピアン(株)
7958,天馬(株)
7959,(株)オリバー
7961,兼松サステック(株)
7962,(株)キングジム
7963,興研(株)
7965,象印マホービン(株)
7966,リンテック(株)
7970,信越ポリマー(株)
7971,東リ(株)
7972,(株)イトーキ
7974,任天堂(株)
7975,(株)リヒトラブ
7976,三菱鉛筆(株)
7979,(株)松風
7980,(株)重松製作所
7981,タカラスタンダード(株)
7983,(株)ミロク
7984,コクヨ(株)
7985,ネポン(株)
7986,日本アイ・エス・ケイ(株)
7987,ナカバヤシ(株)
7988,(株)ニフコ
7989,立川ブラインド工業(株)
7990,グローブライド(株)
7991,マミヤ・オーピー(株)
7992,セーラー万年筆(株)
7994,(株)オカムラ
7995,(株)バルカー
7997,(株)くろがね工作所
7999,ＭＵＴＯＨホールディングス(株)
8001,伊藤忠商事(株)
8002,丸紅(株)
8005,(株)スクロール
8006,ユアサ・フナショク(株)
8007,高島(株)
8008,４℃ホールディングス
8011,(株)三陽商会
8012,長瀬産業(株)
8013,(株)ナイガイ
8014,蝶理(株)
8015,豊田通商(株)
8016,(株)オンワードホールディングス
8018,三共生興(株)
8020,兼松(株)
8022,ミズノ(株)
8023,大興電子通信(株)
8025,(株)ツカモトコーポレーション
8028,(株)ファミリーマート
8029,(株)ルックホールディングス
8030,中央魚類(株)
8031,三井物産(株)
8032,日本紙パルプ商事(株)
8035,東京エレクトロン(株)
8036,(株)日立ハイテク
8037,カメイ(株)
8038,東都水産(株)
8039,築地魚市場(株)
8040,(株)東京ソワール
8041,ＯＵＧホールディングス(株)
8043,スターゼン(株)
8044,大都魚類(株)
8045,横浜丸魚(株)
8046,丸藤シートパイル(株)
8050,セイコーホールディングス(株)
8051,(株)山善
8052,椿本興業(株)
8053,住友商事(株)
8056,日本ユニシス(株)
8057,(株)内田洋行
8058,三菱商事(株)
8059,第一実業(株)
8060,キヤノンマーケティングジャパン(株)
8061,西華産業(株)
8065,佐藤商事(株)
8066,三谷商事(株)
8068,菱洋エレクトロ(株)
8070,東京産業(株)
8071,東海エレクトロニクス(株)
8072,日本出版貿易(株)
8074,ユアサ商事(株)
8075,神鋼商事(株)
8076,(株)カノークス
8077,トルク(株)
8078,阪和興業(株)
8079,正栄食品工業(株)
8081,(株)カナデン
8084,菱電商事(株)
8085,ナラサキ産業(株)
8086,ニプロ(株)
8087,フルサト工業(株)
8088,岩谷産業(株)
8089,ナイス(株)
8090,昭光通商(株)
8091,ニチモウ(株)
8093,極東貿易(株)
8095,イワキ(株)
8096,兼松エレクトロニクス(株)
8097,三愛石油(株)
8098,稲畑産業(株)
8101,(株)ＧＳＩクレオス
8103,明和産業(株)
8104,(株)クワザワ
8105,堀田丸正(株)
8107,(株)キムラタン
8108,ヤマエ久野(株)
8111,(株)ゴールドウイン
8113,ユニ・チャーム(株)
8114,(株)デサント
8115,ムーンバット(株)
8117,中央自動車工業(株)
8118,(株)キング
8119,(株)三栄コーポレーション
8123,川辺(株)
8125,(株)ワキタ
8127,ヤマト　インターナショナル(株)
8129,東邦ホールディングス(株)
8130,(株)サンゲツ
8131,(株)ミツウロコグループホールディングス
8132,シナネンホールディングス(株)
8133,伊藤忠エネクス(株)
8135,ゼット(株)
8136,(株)サンリオ
8137,サンワテクノス(株)
8138,三京化成(株)
8139,(株)ナガホリ
8140,(株)リョーサン
8141,新光商事(株)
8142,(株)トーホー
8143,(株)ラピーヌ
8144,(株)電響社
8145,中部水産(株)
8147,(株)トミタ
8150,三信電気(株)
8151,(株)東陽テクニカ
8152,ソマール(株)
8153,(株)モスフードサービス
8154,加賀電子(株)
8155,三益半導体工業(株)
8157,都築電気(株)
8158,ソーダニッカ(株)
8159,(株)立花エレテック
8160,(株)木曽路
8163,ＳＲＳホールディングス(株)
8165,(株)千趣会
8166,(株)タカキュー
8167,(株)リテールパートナーズ
8168,(株)ケーヨー
8173,上新電機(株)
8174,日本瓦斯(株)
8179,ロイヤルホールディングス(株)
8181,(株)東天紅
8182,(株)いなげや
8184,(株)島忠
8185,(株)チヨダ
8186,(株)大塚家具
8190,(株)ヤマナカ
8194,(株)ライフコーポレーション
8198,マックスバリュ東海(株)
8200,(株)リンガーハット
8202,ラオックス(株)
8203,(株)ＭｒＭａｘＨＤ
8207,テンアライド(株)
8208,(株)エンチョー
8209,(株)フレンドリー
8214,(株)ＡＯＫＩホールディングス
8215,(株)銀座山形屋
8217,(株)オークワ
8218,(株)コメリ
8219,青山商事(株)
8225,(株)タカチホ
8226,(株)理経
8227,(株)しまむら
8228,(株)マルイチ産商
8230,(株)はせがわ
8233,(株)高島屋
8237,(株)松屋
8242,エイチ・ツー・オー　リテイリング(株)
8244,(株)近鉄百貨店
8247,(株)大和
8249,(株)テクノアソシエ
8252,(株)丸井グループ
8253,(株)クレディセゾン
8254,(株)さいか屋
8255,アクシアル　リテイリング(株)
8256,(株)プロルート丸光
8257,(株)山陽百貨店
8260,(株)井筒屋
8267,イオン(株)
8273,(株)イズミ
8275,(株)フォーバル
8276,(株)平和堂
8278,(株)フジ
8279,(株)ヤオコー
8281,ゼビオホールディングス(株)
8282,(株)ケーズホールディングス
8283,(株)ＰＡＬＴＡＣ
8285,三谷産業(株)
8287,マックスバリュ西日本(株)
8289,(株)Ｏｌｙｍｐｉｃグループ
8291,日産東京販売ホールディングス(株)
8293,(株)ＡＴグループ
8298,(株)ファミリー
8301,日本銀行
8303,(株)新生銀行
8304,(株)あおぞら銀行
8306,(株)三菱ＵＦＪフィナンシャル・グループ
8308,(株)りそなホールディングス
8309,三井住友トラスト・ホールディングス(株)
8316,(株)三井住友フィナンシャルグループ
8331,(株)千葉銀行
8334,(株)群馬銀行
8336,(株)武蔵野銀行
8337,(株)千葉興業銀行
8338,(株)筑波銀行
8341,(株)七十七銀行
8342,(株)青森銀行
8343,(株)秋田銀行
8344,(株)山形銀行
8345,(株)岩手銀行
8346,(株)東邦銀行
8349,(株)東北銀行
8350,(株)みちのく銀行
8354,(株)ふくおかフィナンシャルグループ
8355,(株)静岡銀行
8356,(株)十六銀行
8358,スルガ銀行(株)
8359,(株)八十二銀行
8360,(株)山梨中央銀行
8361,(株)大垣共立銀行
8362,(株)福井銀行
8363,(株)北國銀行
8364,(株)清水銀行
8365,(株)富山銀行
8366,(株)滋賀銀行
8367,(株)南都銀行
8368,(株)百五銀行
8369,(株)京都銀行
8370,(株)紀陽銀行
8377,(株)ほくほくフィナンシャルグループ
8379,(株)広島銀行
8381,(株)山陰合同銀行
8382,(株)中国銀行
8383,(株)鳥取銀行
8385,(株)伊予銀行
8386,(株)百十四銀行
8387,(株)四国銀行
8388,(株)阿波銀行
8392,(株)大分銀行
8393,(株)宮崎銀行
8395,(株)佐賀銀行
8397,(株)沖縄銀行
8398,(株)筑邦銀行
8399,(株)琉球銀行
8410,(株)セブン銀行
8411,(株)みずほフィナンシャルグループ
8416,(株)高知銀行
8418,(株)山口フィナンシャルグループ
8424,芙蓉総合リース(株)
8425,みずほリース(株)
8439,東京センチュリー(株)
8462,フューチャーベンチャーキャピタル(株)
8473,ＳＢＩホールディングス(株)
8508,Ｊトラスト(株)
8511,日本証券金融(株)
8515,アイフル(株)
8518,日本アジア投資(株)
8521,(株)長野銀行
8522,(株)名古屋銀行
8524,(株)北洋銀行
8527,(株)愛知銀行
8530,(株)中京銀行
8537,(株)大光銀行
8540,(株)福岡中央銀行
8541,(株)愛媛銀行
8542,(株)トマト銀行
8544,(株)京葉銀行
8550,(株)栃木銀行
8551,(株)北日本銀行
8554,(株)南日本銀行
8558,(株)東和銀行
8559,(株)豊和銀行
8560,(株)宮崎太陽銀行
8562,(株)福島銀行
8563,(株)大東銀行
8566,リコーリース(株)
8570,イオンフィナンシャルサービス(株)
8572,アコム(株)
8584,(株)ジャックス
8585,(株)オリエントコーポレーション
8586,日立キャピタル(株)
8589,(株)アプラスフィナンシャル
8591,オリックス(株)
8593,三菱ＵＦＪリース(株)
8594,中道リース(株)
8595,(株)ジャフコ
8596,(株)九州リースサービス
8600,トモニホールディングス(株)
8601,(株)大和証券グループ本社
8604,野村ホールディングス(株)
8609,(株)岡三証券グループ
8613,丸三証券(株)
8614,東洋証券(株)
8616,東海東京フィナンシャル・ホールディングス(株)
8617,光世証券(株)
8622,水戸証券(株)
8624,いちよし証券(株)
8628,松井証券(株)
8630,ＳＯＭＰＯホールディングス(株)
8692,(株)だいこう証券ビジネス
8697,(株)日本取引所グループ
8698,マネックスグループ(株)
8699,澤田ホールディングス(株)
8700,丸八証券(株)
8704,トレイダーズホールディングス(株)
8705,岡藤ホールディングス(株)
8706,極東証券(株)
8707,岩井コスモホールディングス(株)
8708,藍澤證券(株)
8709,インヴァスト証券(株)
8713,フィデアホールディングス(株)
8714,(株)池田泉州ホールディングス
8715,アニコム　ホールディングス(株)
8725,ＭＳ＆ＡＤインシュアランスグループホールディングス(株)
8729,ソニーフィナンシャルホールディングス(株)
8732,(株)マネーパートナーズグループ
8737,(株)あかつき本社
8739,スパークス・グループ(株)
8740,(株)フジトミ
8742,(株)小林洋行
8746,第一商品(株)
8747,豊商事(株)
8750,第一生命ホールディングス(株)
8766,東京海上ホールディングス(株)
8769,(株)アドバンテッジリスクマネジメント
8771,イー・ギャランティ(株)
8772,(株)アサックス
8783,ＧＦＡ(株)
8789,フィンテック　グローバル(株)
8793,ＮＥＣキャピタルソリューション(株)
8795,(株)Ｔ＆Ｄホールディングス
8798,(株)アドバンスクリエイト
8801,三井不動産(株)
8802,三菱地所(株)
8803,平和不動産(株)
8804,東京建物(株)
8806,ダイビル(株)
8818,京阪神ビルディング(株)
8830,住友不動産(株)
8835,太平洋興発(株)
8836,(株)ＲＩＳＥ
8841,(株)テーオーシー
8842,(株)東京楽天地
8844,(株)コスモスイニシア
8848,(株)レオパレス２１
8850,スターツコーポレーション(株)
8854,(株)日住サービス
8860,フジ住宅(株)
8864,空港施設(株)
8869,明和地所(株)
8871,(株)ゴールドクレスト
8876,(株)リログループ
8877,エスリード(株)
8881,(株)日神グループホールディングス
8885,(株)ラ・アトレ
8886,(株)ウッドフレンズ
8887,リベレステ(株)
8889,ＡＰＡＭＡＮ(株)
8890,(株)レーサム
8891,(株)エムジーホーム
8892,(株)日本エスコン
8893,(株)新日本建物
8894,(株)ＲＥＶＯＬＵＴＩＯＮ
8897,(株)タカラレーベン
8898,(株)センチュリー２１・ジャパン
8903,(株)サンウッド
8904,(株)ＡＶＡＮＴＩＡ
8905,イオンモール(株)
8908,(株)毎日コムネット
8909,(株)シノケングループ
8912,(株)エリアクエスト
8914,エリアリンク(株)
8917,ファースト住建(株)
8918,(株)ランド
8919,(株)カチタス
8920,(株)東祥
8922,日本アセットマーケティング(株)
8923,トーセイ(株)
8925,(株)アルデプロ
8927,(株)明豊エンタープライズ
8928,穴吹興産(株)
8929,(株)青山財産ネットワークス
8931,和田興産(株)
8934,サンフロンティア不動産(株)
8935,(株)ＦＪネクスト
8938,グローム・ホールディングス(株)
8940,(株)インテリックス
8944,(株)ランドビジネス
8945,日本社宅サービス(株)
8946,(株)ＡＳＩＡＮ　ＳＴＡＲ
8951,日本ビルファンド投資法人
8952,ジャパンリアルエステイト投資法人
8953,日本リテールファンド投資法人
8954,オリックス不動産投資法人
8955,日本プライムリアルティ投資法人
8956,プレミア投資法人
8957,東急リアル・エステート投資法人
8958,グローバル・ワン不動産投資法人
8959,野村不動産オフィスファンド投資法人
8960,ユナイテッド・アーバン投資法人
8961,森トラスト総合リート投資法人
8962,日本レジデンシャル投資法人
8963,インヴィンシブル投資法人
8964,フロンティア不動産投資法人
8965,ニューシティ・レジデンス投資法人
8966,平和不動産リート投資法人
8967,日本ロジスティクスファンド投資法人
8968,福岡リート投資法人
8969,プロスペクト・リート投資法人
8970,ジャパン・シングルレジデンス投資法人
8972,ケネディクス・オフィス投資法人
8973,積水ハウス・レジデンシャル投資法人
8974,ラサール　ジャパン投資法人
8975,いちごオフィスリート投資法人
8976,大和証券オフィス投資法人
8977,阪急阪神リート投資法人
8978,アドバンス・レジデンス投資法人（旧）
8979,スターツプロシード投資法人
8980,エルシーピー投資法人
8981,ジャパン・ホテル・アンド・リゾート投資法人
8982,トップリート投資法人
8983,いちご不動産投資法人（旧）
8984,大和ハウスリート投資法人
8985,ジャパン・ホテル・リート投資法人
8986,大和証券リビング投資法人
8987,ジャパンエクセレント投資法人
8995,(株)誠建設工業
8996,(株)ハウスフリーダム
8999,グランディハウス(株)
9001,東武鉄道(株)
9003,相鉄ホールディングス(株)
9005,東急(株)
9006,京浜急行電鉄(株)
9007,小田急電鉄(株)
9008,京王電鉄(株)
9009,京成電鉄(株)
9010,富士急行(株)
9012,秩父鉄道(株)
9014,新京成電鉄(株)
9017,新潟交通(株)
9020,東日本旅客鉄道(株)
9021,西日本旅客鉄道(株)
9022,東海旅客鉄道(株)
9024,(株)西武ホールディングス
9025,鴻池運輸(株)
9027,(株)ロジネット　ジャパン
9028,(株)ゼロ
9029,(株)ヒガシトゥエンティワン
9031,西日本鉄道(株)
9033,広島電鉄(株)
9034,南総通運(株)
9035,第一交通産業(株)
9036,東部ネットワーク(株)
9037,(株)ハマキョウレックス
9039,(株)サカイ引越センター
9040,大宝運輸(株)
9041,近鉄グループホールディングス(株)
9042,阪急阪神ホールディングス(株)
9044,南海電気鉄道(株)
9045,京阪ホールディングス(株)
9046,神戸電鉄(株)
9048,名古屋鉄道(株)
9049,京福電気鉄道(株)
9051,センコン物流(株)
9052,山陽電気鉄道(株)
9055,(株)アルプス物流
9057,遠州トラック(株)
9058,トランコム(株)
9059,カンダホールディングス(株)
9060,日本ロジテム(株)
9062,日本通運(株)
9063,岡山県貨物運送(株)
9064,ヤマトホールディングス(株)
9065,山九(株)
9066,(株)日新
9067,(株)丸運
9068,丸全昭和運輸(株)
9069,センコーグループホールディングス(株)
9070,トナミホールディングス(株)
9072,ニッコンホールディングス(株)
9073,京極運輸商事(株)
9074,日本石油輸送(株)
9075,福山通運(株)
9076,セイノーホールディングス(株)
9077,名鉄運輸(株)
9078,(株)エスライン
9081,神奈川中央交通(株)
9082,大和自動車交通(株)
9083,神姫バス(株)
9085,北海道中央バス(株)
9086,(株)日立物流
9087,タカセ(株)
9090,(株)丸和運輸機関
9099,(株)Ｃ＆Ｆロジホールディングス
9101,日本郵船(株)
9104,(株)商船三井
9107,川崎汽船(株)
9110,ＮＳユナイテッド海運(株)
9115,明治海運(株)
9119,飯野海運(株)
9127,玉井商船(株)
9130,共栄タンカー(株)
9142,九州旅客鉄道(株)
9143,ＳＧホールディングス(株)
9171,栗林商船(株)
9173,東海汽船(株)
9176,佐渡汽船(株)
9179,川崎近海汽船(株)
9193,東京汽船(株)
9201,日本航空(株)
9202,ＡＮＡホールディングス(株)
9206,(株)スターフライヤー
9232,(株)パスコ
9233,アジア航測(株)
9260,西本Ｗｉｓｍｅｔｔａｃホールディングス(株)
9262,(株)シルバーライフ
9263,(株)ビジョナリーホールディングス
9264,ポエック(株)
9265,ヤマシタヘルスケアホールディングス(株)
9266,(株)一家ダイニングプロジェクト
9267,Ｇｅｎｋｙ　ＤｒｕｇＳｔｏｒｅｓ(株)
9268,(株)オプティマスグループ
9270,バリュエンスホールディングス(株)
9271,(株)和心
9272,ブティックス(株)
9273,コーア商事ホールディングス(株)
9274,国際紙パルプ商事(株)
9275,(株)ナルミヤ・インターナショナル
9278,ブックオフグループホールディングス(株)
9279,(株)ギフト
9301,三菱倉庫(株)
9302,三井倉庫ホールディングス(株)
9303,(株)住友倉庫
9304,澁澤倉庫(株)
9305,(株)ヤマタネ
9306,東陽倉庫(株)
9307,(株)杉村倉庫
9308,乾汽船(株)
9310,日本トランスシティ(株)
9311,アサガミ(株)
9312,ケイヒン(株)
9313,丸八倉庫(株)
9318,アジア開発キャピタル(株)
9319,(株)中央倉庫
9322,川西倉庫(株)
9324,安田倉庫(株)
9325,ファイズホールディングス(株)
9326,(株)関通
9351,東洋埠頭(株)
9353,櫻島埠頭(株)
9355,(株)リンコーコーポレーション
9357,名港海運(株)
9358,(株)宇徳
9359,伊勢湾海運(株)
9360,鈴与シンワート(株)
9361,伏木海陸運送(株)
9362,兵機海運(株)
9363,(株)大運
9364,(株)上組
9365,トレーディア(株)
9366,(株)サンリツ
9367,大東港運(株)
9368,キムラユニティー(株)
9369,(株)キユーソー流通システム
9375,(株)近鉄エクスプレス
9376,(株)ユーラシア旅行社
9377,(株)エージーピー
9380,東海運(株)
9381,(株)エーアイテイー
9384,内外トランスライン(株)
9385,(株)ショーエイコーポレーション
9386,日本コンセプト(株)
9399,ビート・ホールディングス・リミテッド
9401,ＴＢＳホールディングス
9402,中部日本放送(株)
9404,日本テレビホールディングス(株)
9405,朝日放送グループホールディングス(株)
9407,(株)ＲＫＢ毎日ホールディングス
9408,(株)新潟放送
9409,(株)テレビ朝日ホールディングス
9412,(株)スカパーＪＳＡＴホールディングス
9413,(株)テレビ東京ホールディングス
9414,日本ＢＳ放送(株)
9416,(株)ビジョン
9417,(株)スマートバリュー
9418,(株)ＵＳＥＮ−ＮＥＸＴ　ＨＯＬＤＩＮＧＳ
9419,(株)ワイヤレスゲート
9421,(株)エヌジェイホールディングス
9422,コネクシオ(株)
9423,(株)ＦＲＳ
9424,日本通信(株)
9425,日本テレホン(株)
9428,(株)クロップス
9432,日本電信電話(株)
9433,ＫＤＤＩ(株)
9434,ソフトバンク(株)
9435,(株)光通信
9436,沖縄セルラー電話(株)
9437,(株)ＮＴＴドコモ
9438,(株)エムティーアイ
9439,(株)エム・エイチ・グループ
9441,(株)ベルパーク
9444,(株)トーシンホールディングス
9445,(株)フォーバルテレコム
9446,(株)サカイホールディングス
9449,ＧＭＯインターネット(株)
9450,(株)ファイバーゲート
9466,(株)アイドママーケティングコミュニケーション
9467,(株)アルファポリス
9468,(株)ＫＡＤＯＫＡＷＡ
9470,(株)学研ホールディングス
9471,(株)文溪堂
9474,(株)ゼンリン
9475,(株)昭文社ホールディングス
9476,(株)中央経済社ホールディングス
9478,ＳＥホールディングス・アンド・インキュベーションズ(株)
9479,(株)インプレスホールディングス
9501,東京電力ホールディングス(株)
9502,中部電力(株)
9503,関西電力(株)
9504,中国電力(株)
9505,北陸電力(株)
9506,東北電力(株)
9507,四国電力(株)
9508,九州電力(株)
9509,北海道電力(株)
9511,沖縄電力(株)
9513,Ｊ−ＰＯＷＥＲ
9514,(株)エフオン
9517,イーレックス(株)
9519,(株)レノバ
9531,東京ガス(株)
9532,大阪ガス(株)
9533,東邦ガス(株)
9534,北海道ガス(株)
9535,広島ガス(株)
9536,西部ガス(株)
9537,北陸ガス(株)
9539,京葉瓦斯(株)
9543,静岡ガス(株)
9551,メタウォーター(株)
9600,(株)アイネット
9601,松竹(株)
9602,東宝(株)
9603,(株)エイチ・アイ・エス
9605,東映(株)
9610,ウィルソン・ラーニング　ワールドワイド(株)
9612,(株)ラックランド
9613,(株)ＮＴＴデータ
9616,(株)共立メンテナンス
9619,(株)イチネンホールディングス
9621,(株)建設技術研究所
9622,(株)スペース
9624,(株)長大
9625,(株)セレスポ
9627,(株)アインホールディングス
9628,燦ホールディングス(株)
9629,ピー・シー・エー(株)
9631,(株)東急レクリエーション
9632,スバル興業(株)
9633,東京テアトル(株)
9635,武蔵野興業(株)
9636,(株)きんえい
9637,オーエス(株)
9639,三協フロンテア(株)
9640,(株)セゾン情報システムズ
9641,サコス(株)
9643,中日本興業(株)
9644,(株)タナベ経営
9647,(株)協和コンサルタンツ
9651,日本プロセス(株)
9656,グリーンランドリゾート(株)
9658,(株)ビジネスブレイン太田昭和
9661,(株)歌舞伎座
9663,(株)ナガワ
9664,(株)御園座
9671,(株)よみうりランド
9672,東京都競馬(株)
9675,常磐興産(株)
9678,(株)カナモト
9679,ホウライ(株)
9681,(株)東京ドーム
9682,(株)ＤＴＳ
9684,(株)スクウェア・エニックス・ホールディングス
9685,ＫＹＣＯＭホールディングス(株)
9686,東洋テック(株)
9687,(株)ＫＳＫ
9691,(株)両毛システムズ
9692,(株)シーイーシー
9695,(株)鴨川グランドホテル
9696,(株)ウィザス
9697,(株)カプコン
9698,(株)クレオ
9699,西尾レントオール(株)
9701,(株)東京會舘
9702,(株)アイ・エス・ビー
9704,(株)アゴーラ・ホスピタリティー・グループ
9706,日本空港ビルデング(株)
9707,(株)ユニマット　リタイアメント・コミュニティ
9708,(株)帝国ホテル
9709,ＮＣＳ＆Ａ(株)
9713,(株)ロイヤルホテル
9715,トランスコスモス(株)
9716,(株)乃村工藝社
9717,(株)ジャステック
9719,ＳＣＳＫ(株)
9720,(株)ホテル、ニューグランド
9722,藤田観光(株)
9723,(株)京都ホテル
9726,ＫＮＴ−ＣＴホールディングス(株)
9728,日本管財(株)
9729,(株)トーカイ
9731,(株)白洋舍
9733,(株)ナガセ
9734,(株)精養軒
9735,セコム(株)
9739,ＮＳＷ
9740,ＣＳＰ
9742,(株)アイネス
9743,(株)丹青社
9744,(株)メイテック
9746,(株)ＴＫＣ
9749,富士ソフト(株)
9753,アイエックス・ナレッジ(株)
9755,応用地質(株)
9757,(株)船井総研ホールディングス
9758,ジャパンシステム(株)
9759,(株)ＮＳＤ
9760,(株)進学会ホールディングス
9761,東海リース(株)
9763,丸紅建材リース(株)
9765,(株)オオバ
9766,コナミホールディングス(株)
9767,日建工学(株)
9768,いであ(株)
9769,(株)学究社
9776,札幌臨床検査センター(株)
9778,(株)昴
9780,(株)ハリマビステム
9782,(株)ディーエムエス
9783,(株)ベネッセホールディングス
9787,イオンディライト(株)
9788,(株)ナック
9790,福井コンピュータホールディングス(株)
9791,(株)ビケンテクノ
9792,(株)ニチイ学館
9793,(株)ダイセキ
9795,(株)ステップ
9797,大日本コンサルタント(株)
9799,旭情報サービス(株)
9810,日鉄物産(株)
9812,(株)テーオーホールディングス
9816,(株)ストライダーズ
9818,大丸エナウィン(株)
9820,エムティジェネックス(株)
9823,(株)マミーマート
9824,泉州電業(株)
9827,リリカラ(株)
9828,元気寿司(株)
9829,(株)ながの東急百貨店
9830,トラスコ中山(株)
9831,(株)ヤマダ電機
9832,(株)オートバックスセブン
9835,(株)ジュンテンドー
9837,モリト(株)
9842,アークランドサカモト(株)
9843,(株)ニトリホールディングス
9845,(株)パーカーコーポレーション
9846,(株)天満屋ストア
9849,(株)共同紙販ホールディングス
9850,(株)グルメ杵屋
9852,ＣＢグループマネジメント(株)
9853,(株)銀座ルノアール
9854,愛眼(株)
9856,(株)ケーユーホールディングス
9857,英和(株)
9861,(株)吉野家ホールディングス
9867,ソレキア(株)
9869,加藤産業(株)
9872,北恵(株)
9873,日本ＫＦＣホールディングス(株)
9876,(株)コックス
9878,(株)セキド
9880,イノテック(株)
9882,(株)イエローハット
9885,(株)シャルレ
9887,(株)松屋フーズホールディングス
9888,(株)ＵＥＸ
9889,ＪＢＣＣホールディングス(株)
9890,(株)マキヤ
9895,(株)コンセック
9896,ＪＫホールディングス(株)
9900,(株)サガミホールディングス
9902,(株)日伝
9903,(株)カンセキ
9904,(株)ベリテ
9906,藤井産業(株)
9908,Ｄｅｎｋｅｉ
9909,愛光電気(株)
9913,日邦産業(株)
9914,(株)植松商会
9919,(株)関西スーパーマーケット
9927,(株)ワットマン
9928,(株)ミロク情報サービス
9929,平和紙業(株)
9930,北沢産業(株)
9932,杉本商事(株)
9934,因幡電機産業(株)
9936,(株)王将フードサービス
9941,太洋物産(株)
9942,(株)ジョイフル
9945,(株)プレナス
9946,ミニストップ(株)
9948,(株)アークス
9950,(株)ハチバン
9955,(株)ヨンキュウ
9956,(株)バローホールディングス
9959,アシードホールディングス(株)
9960,東テク(株)
9962,(株)ミスミグループ本社
9964,(株)アイ・テック
9966,藤久(株)
9967,堺商事(株)
9969,(株)ショクブン
9972,アルテック(株)
9973,(株)小僧寿し
9974,(株)ベルク
9976,(株)セキチュー
9977,(株)アオキスーパー
9978,(株)文教堂グループホールディングス
9979,(株)大庄
9980,ＭＲＫホールディングス(株)
9982,タキヒヨー(株)
9983,(株)ファーストリテイリング
9984,ソフトバンクグループ(株)
9986,蔵王産業(株)
9987,(株)スズケン
9989,(株)サンドラッグ
9990,(株)サックスバー　ホールディングス
9991,ジェコス(株)
9993,(株)ヤマザワ
9994,(株)やまや
9995,(株)グローセル
9996,(株)サトー商会
9997,(株)ベルーナ
